Councils,Type,Months,Years,ESB_Connections
Carlow,County,Jan,2006,70
Cavan,County,Jan,2006,149
Clare,County,Jan,2006,171
Cork,County,Jan,2006,588
Donegal,County,Jan,2006,285
Dun Laoghaire,County,Jan,2006,241
Fingal,County,Jan,2006,305
Galway,County,Jan,2006,324
Kerry,County,Jan,2006,226
Kildare,County,Jan,2006,413
Kilkenny,County,Jan,2006,128
Laois,County,Jan,2006,234
Leitrim,County,Jan,2006,153
Limerick,County,Jan,2006,149
Longford,County,Jan,2006,89
Louth,County,Jan,2006,117
Mayo,County,Jan,2006,253
Meath,County,Jan,2006,313
Monaghan,County,Jan,2006,107
North Tipperary,County,Jan,2006,96
Offaly,County,Jan,2006,91
Roscommon,County,Jan,2006,162
Sligo,County,Jan,2006,155
South Dublin,County,Jan,2006,562
South Tipperary,County,Jan,2006,85
Waterford,County,Jan,2006,78
Westmeath,County,Jan,2006,132
Wexford,County,Jan,2006,183
Wicklow,County,Jan,2006,213
Carlow,County,Feb,2006,81
Cavan,County,Feb,2006,208
Clare,County,Feb,2006,251
Cork,County,Feb,2006,615
Donegal,County,Feb,2006,450
Dun Laoghaire,County,Feb,2006,172
Fingal,County,Feb,2006,566
Galway,County,Feb,2006,404
Kerry,County,Feb,2006,259
Kildare,County,Feb,2006,335
Kilkenny,County,Feb,2006,122
Laois,County,Feb,2006,214
Leitrim,County,Feb,2006,86
Limerick,County,Feb,2006,137
Longford,County,Feb,2006,91
Louth,County,Feb,2006,164
Mayo,County,Feb,2006,186
Meath,County,Feb,2006,312
Monaghan,County,Feb,2006,95
North Tipperary,County,Feb,2006,111
Offaly,County,Feb,2006,176
Roscommon,County,Feb,2006,160
Sligo,County,Feb,2006,125
South Dublin,County,Feb,2006,219
South Tipperary,County,Feb,2006,132
Waterford,County,Feb,2006,126
Westmeath,County,Feb,2006,147
Wexford,County,Feb,2006,236
Wicklow,County,Feb,2006,142
Carlow,County,Mar,2006,113
Cavan,County,Mar,2006,197
Clare,County,Mar,2006,264
Cork,County,Mar,2006,676
Donegal,County,Mar,2006,342
Dun Laoghaire,County,Mar,2006,260
Fingal,County,Mar,2006,550
Galway,County,Mar,2006,400
Kerry,County,Mar,2006,260
Kildare,County,Mar,2006,335
Kilkenny,County,Mar,2006,119
Laois,County,Mar,2006,111
Leitrim,County,Mar,2006,160
Limerick,County,Mar,2006,146
Longford,County,Mar,2006,83
Louth,County,Mar,2006,131
Mayo,County,Mar,2006,335
Meath,County,Mar,2006,286
Monaghan,County,Mar,2006,129
North Tipperary,County,Mar,2006,144
Offaly,County,Mar,2006,109
Roscommon,County,Mar,2006,237
Sligo,County,Mar,2006,233
South Dublin,County,Mar,2006,317
South Tipperary,County,Mar,2006,109
Waterford,County,Mar,2006,136
Westmeath,County,Mar,2006,140
Wexford,County,Mar,2006,276
Wicklow,County,Mar,2006,179
Carlow,County,Apr,2006,56
Cavan,County,Apr,2006,261
Clare,County,Apr,2006,200
Cork,County,Apr,2006,554
Donegal,County,Apr,2006,217
Dun Laoghaire,County,Apr,2006,138
Fingal,County,Apr,2006,481
Galway,County,Apr,2006,348
Kerry,County,Apr,2006,248
Kildare,County,Apr,2006,363
Kilkenny,County,Apr,2006,125
Laois,County,Apr,2006,151
Leitrim,County,Apr,2006,122
Limerick,County,Apr,2006,204
Longford,County,Apr,2006,144
Louth,County,Apr,2006,130
Mayo,County,Apr,2006,234
Meath,County,Apr,2006,257
Monaghan,County,Apr,2006,220
North Tipperary,County,Apr,2006,64
Offaly,County,Apr,2006,102
Roscommon,County,Apr,2006,134
Sligo,County,Apr,2006,170
South Dublin,County,Apr,2006,181
South Tipperary,County,Apr,2006,120
Waterford,County,Apr,2006,123
Westmeath,County,Apr,2006,116
Wexford,County,Apr,2006,337
Wicklow,County,Apr,2006,132
Carlow,County,May,2006,97
Cavan,County,May,2006,201
Clare,County,May,2006,242
Cork,County,May,2006,702
Donegal,County,May,2006,365
Dun Laoghaire,County,May,2006,251
Fingal,County,May,2006,484
Galway,County,May,2006,307
Kerry,County,May,2006,247
Kildare,County,May,2006,476
Kilkenny,County,May,2006,154
Laois,County,May,2006,169
Leitrim,County,May,2006,99
Limerick,County,May,2006,170
Longford,County,May,2006,90
Louth,County,May,2006,233
Mayo,County,May,2006,194
Meath,County,May,2006,414
Monaghan,County,May,2006,103
North Tipperary,County,May,2006,88
Offaly,County,May,2006,110
Roscommon,County,May,2006,195
Sligo,County,May,2006,191
South Dublin,County,May,2006,271
South Tipperary,County,May,2006,113
Waterford,County,May,2006,157
Westmeath,County,May,2006,147
Wexford,County,May,2006,388
Wicklow,County,May,2006,182
Carlow,County,Jun,2006,125
Cavan,County,Jun,2006,248
Clare,County,Jun,2006,324
Cork,County,Jun,2006,602
Donegal,County,Jun,2006,439
Dun Laoghaire,County,Jun,2006,278
Fingal,County,Jun,2006,399
Galway,County,Jun,2006,368
Kerry,County,Jun,2006,417
Kildare,County,Jun,2006,370
Kilkenny,County,Jun,2006,114
Laois,County,Jun,2006,176
Leitrim,County,Jun,2006,194
Limerick,County,Jun,2006,196
Longford,County,Jun,2006,83
Louth,County,Jun,2006,168
Mayo,County,Jun,2006,230
Meath,County,Jun,2006,337
Monaghan,County,Jun,2006,101
North Tipperary,County,Jun,2006,148
Offaly,County,Jun,2006,106
Roscommon,County,Jun,2006,162
Sligo,County,Jun,2006,158
South Dublin,County,Jun,2006,356
South Tipperary,County,Jun,2006,107
Waterford,County,Jun,2006,117
Westmeath,County,Jun,2006,138
Wexford,County,Jun,2006,217
Wicklow,County,Jun,2006,132
Carlow,County,Jul,2006,158
Cavan,County,Jul,2006,308
Clare,County,Jul,2006,195
Cork,County,Jul,2006,702
Donegal,County,Jul,2006,350
Dun Laoghaire,County,Jul,2006,134
Fingal,County,Jul,2006,488
Galway,County,Jul,2006,470
Kerry,County,Jul,2006,375
Kildare,County,Jul,2006,510
Kilkenny,County,Jul,2006,111
Laois,County,Jul,2006,168
Leitrim,County,Jul,2006,130
Limerick,County,Jul,2006,253
Longford,County,Jul,2006,85
Louth,County,Jul,2006,279
Mayo,County,Jul,2006,273
Meath,County,Jul,2006,311
Monaghan,County,Jul,2006,75
North Tipperary,County,Jul,2006,121
Offaly,County,Jul,2006,108
Roscommon,County,Jul,2006,144
Sligo,County,Jul,2006,209
South Dublin,County,Jul,2006,158
South Tipperary,County,Jul,2006,118
Waterford,County,Jul,2006,143
Westmeath,County,Jul,2006,120
Wexford,County,Jul,2006,333
Wicklow,County,Jul,2006,101
Carlow,County,Aug,2006,141
Cavan,County,Aug,2006,199
Clare,County,Aug,2006,164
Cork,County,Aug,2006,592
Donegal,County,Aug,2006,276
Dun Laoghaire,County,Aug,2006,329
Fingal,County,Aug,2006,385
Galway,County,Aug,2006,274
Kerry,County,Aug,2006,343
Kildare,County,Aug,2006,281
Kilkenny,County,Aug,2006,167
Laois,County,Aug,2006,141
Leitrim,County,Aug,2006,54
Limerick,County,Aug,2006,197
Longford,County,Aug,2006,57
Louth,County,Aug,2006,207
Mayo,County,Aug,2006,215
Meath,County,Aug,2006,196
Monaghan,County,Aug,2006,92
North Tipperary,County,Aug,2006,80
Offaly,County,Aug,2006,85
Roscommon,County,Aug,2006,153
Sligo,County,Aug,2006,121
South Dublin,County,Aug,2006,262
South Tipperary,County,Aug,2006,166
Waterford,County,Aug,2006,79
Westmeath,County,Aug,2006,107
Wexford,County,Aug,2006,245
Wicklow,County,Aug,2006,181
Carlow,County,Sept,2006,96
Cavan,County,Sept,2006,237
Clare,County,Sept,2006,155
Cork,County,Sept,2006,630
Donegal,County,Sept,2006,328
Dun Laoghaire,County,Sept,2006,155
Fingal,County,Sept,2006,560
Galway,County,Sept,2006,380
Kerry,County,Sept,2006,321
Kildare,County,Sept,2006,532
Kilkenny,County,Sept,2006,155
Laois,County,Sept,2006,184
Leitrim,County,Sept,2006,140
Limerick,County,Sept,2006,226
Longford,County,Sept,2006,96
Louth,County,Sept,2006,179
Mayo,County,Sept,2006,258
Meath,County,Sept,2006,308
Monaghan,County,Sept,2006,128
North Tipperary,County,Sept,2006,160
Offaly,County,Sept,2006,138
Roscommon,County,Sept,2006,134
Sligo,County,Sept,2006,171
South Dublin,County,Sept,2006,167
South Tipperary,County,Sept,2006,102
Waterford,County,Sept,2006,113
Westmeath,County,Sept,2006,96
Wexford,County,Sept,2006,214
Wicklow,County,Sept,2006,140
Carlow,County,Oct,2006,142
Cavan,County,Oct,2006,203
Clare,County,Oct,2006,252
Cork,County,Oct,2006,810
Donegal,County,Oct,2006,475
Dun Laoghaire,County,Oct,2006,148
Fingal,County,Oct,2006,479
Galway,County,Oct,2006,357
Kerry,County,Oct,2006,408
Kildare,County,Oct,2006,371
Kilkenny,County,Oct,2006,186
Laois,County,Oct,2006,286
Leitrim,County,Oct,2006,100
Limerick,County,Oct,2006,360
Longford,County,Oct,2006,116
Louth,County,Oct,2006,144
Mayo,County,Oct,2006,258
Meath,County,Oct,2006,340
Monaghan,County,Oct,2006,110
North Tipperary,County,Oct,2006,118
Offaly,County,Oct,2006,232
Roscommon,County,Oct,2006,211
Sligo,County,Oct,2006,224
South Dublin,County,Oct,2006,204
South Tipperary,County,Oct,2006,210
Waterford,County,Oct,2006,131
Westmeath,County,Oct,2006,162
Wexford,County,Oct,2006,344
Wicklow,County,Oct,2006,181
Carlow,County,Nov,2006,182
Cavan,County,Nov,2006,259
Clare,County,Nov,2006,296
Cork,County,Nov,2006,900
Donegal,County,Nov,2006,503
Dun Laoghaire,County,Nov,2006,162
Fingal,County,Nov,2006,623
Galway,County,Nov,2006,437
Kerry,County,Nov,2006,444
Kildare,County,Nov,2006,381
Kilkenny,County,Nov,2006,228
Laois,County,Nov,2006,224
Leitrim,County,Nov,2006,222
Limerick,County,Nov,2006,293
Longford,County,Nov,2006,169
Louth,County,Nov,2006,227
Mayo,County,Nov,2006,322
Meath,County,Nov,2006,348
Monaghan,County,Nov,2006,103
North Tipperary,County,Nov,2006,152
Offaly,County,Nov,2006,196
Roscommon,County,Nov,2006,232
Sligo,County,Nov,2006,309
South Dublin,County,Nov,2006,451
South Tipperary,County,Nov,2006,156
Waterford,County,Nov,2006,192
Westmeath,County,Nov,2006,220
Wexford,County,Nov,2006,308
Wicklow,County,Nov,2006,220
Carlow,County,Dec,2006,60
Cavan,County,Dec,2006,219
Clare,County,Dec,2006,213
Cork,County,Dec,2006,705
Donegal,County,Dec,2006,357
Dun Laoghaire,County,Dec,2006,204
Fingal,County,Dec,2006,543
Galway,County,Dec,2006,443
Kerry,County,Dec,2006,405
Kildare,County,Dec,2006,437
Kilkenny,County,Dec,2006,160
Laois,County,Dec,2006,186
Leitrim,County,Dec,2006,85
Limerick,County,Dec,2006,293
Longford,County,Dec,2006,225
Louth,County,Dec,2006,272
Mayo,County,Dec,2006,321
Meath,County,Dec,2006,324
Monaghan,County,Dec,2006,143
North Tipperary,County,Dec,2006,144
Offaly,County,Dec,2006,141
Roscommon,County,Dec,2006,260
Sligo,County,Dec,2006,98
South Dublin,County,Dec,2006,241
South Tipperary,County,Dec,2006,172
Waterford,County,Dec,2006,116
Westmeath,County,Dec,2006,179
Wexford,County,Dec,2006,310
Wicklow,County,Dec,2006,164
Carlow,County,Jan,2007,52
Cavan,County,Jan,2007,176
Clare,County,Jan,2007,122
Cork,County,Jan,2007,573
Donegal,County,Jan,2007,344
Dun Laoghaire,County,Jan,2007,217
Fingal,County,Jan,2007,311
Galway,County,Jan,2007,427
Kerry,County,Jan,2007,172
Kildare,County,Jan,2007,225
Kilkenny,County,Jan,2007,129
Laois,County,Jan,2007,213
Leitrim,County,Jan,2007,105
Limerick,County,Jan,2007,166
Longford,County,Jan,2007,96
Louth,County,Jan,2007,128
Mayo,County,Jan,2007,221
Meath,County,Jan,2007,162
Monaghan,County,Jan,2007,47
North Tipperary,County,Jan,2007,90
Offaly,County,Jan,2007,84
Roscommon,County,Jan,2007,113
Sligo,County,Jan,2007,129
South Dublin,County,Jan,2007,160
South Tipperary,County,Jan,2007,110
Waterford,County,Jan,2007,60
Westmeath,County,Jan,2007,201
Wexford,County,Jan,2007,213
Wicklow,County,Jan,2007,130
Carlow,County,Feb,2007,142
Cavan,County,Feb,2007,118
Clare,County,Feb,2007,237
Cork,County,Feb,2007,646
Donegal,County,Feb,2007,370
Dun Laoghaire,County,Feb,2007,257
Fingal,County,Feb,2007,450
Galway,County,Feb,2007,359
Kerry,County,Feb,2007,255
Kildare,County,Feb,2007,294
Kilkenny,County,Feb,2007,150
Laois,County,Feb,2007,192
Leitrim,County,Feb,2007,97
Limerick,County,Feb,2007,211
Longford,County,Feb,2007,201
Louth,County,Feb,2007,139
Mayo,County,Feb,2007,230
Meath,County,Feb,2007,196
Monaghan,County,Feb,2007,104
North Tipperary,County,Feb,2007,85
Offaly,County,Feb,2007,115
Roscommon,County,Feb,2007,96
Sligo,County,Feb,2007,80
South Dublin,County,Feb,2007,393
South Tipperary,County,Feb,2007,126
Waterford,County,Feb,2007,119
Westmeath,County,Feb,2007,114
Wexford,County,Feb,2007,196
Wicklow,County,Feb,2007,122
Carlow,County,Mar,2007,126
Cavan,County,Mar,2007,170
Clare,County,Mar,2007,197
Cork,County,Mar,2007,800
Donegal,County,Mar,2007,321
Dun Laoghaire,County,Mar,2007,100
Fingal,County,Mar,2007,541
Galway,County,Mar,2007,332
Kerry,County,Mar,2007,243
Kildare,County,Mar,2007,285
Kilkenny,County,Mar,2007,175
Laois,County,Mar,2007,225
Leitrim,County,Mar,2007,76
Limerick,County,Mar,2007,222
Longford,County,Mar,2007,109
Louth,County,Mar,2007,154
Mayo,County,Mar,2007,235
Meath,County,Mar,2007,285
Monaghan,County,Mar,2007,94
North Tipperary,County,Mar,2007,87
Offaly,County,Mar,2007,92
Roscommon,County,Mar,2007,119
Sligo,County,Mar,2007,136
South Dublin,County,Mar,2007,272
South Tipperary,County,Mar,2007,145
Waterford,County,Mar,2007,93
Westmeath,County,Mar,2007,112
Wexford,County,Mar,2007,210
Wicklow,County,Mar,2007,132
Carlow,County,Apr,2007,101
Cavan,County,Apr,2007,142
Clare,County,Apr,2007,192
Cork,County,Apr,2007,597
Donegal,County,Apr,2007,380
Dun Laoghaire,County,Apr,2007,204
Fingal,County,Apr,2007,449
Galway,County,Apr,2007,264
Kerry,County,Apr,2007,249
Kildare,County,Apr,2007,305
Kilkenny,County,Apr,2007,121
Laois,County,Apr,2007,157
Leitrim,County,Apr,2007,118
Limerick,County,Apr,2007,122
Longford,County,Apr,2007,136
Louth,County,Apr,2007,99
Mayo,County,Apr,2007,190
Meath,County,Apr,2007,287
Monaghan,County,Apr,2007,49
North Tipperary,County,Apr,2007,70
Offaly,County,Apr,2007,77
Roscommon,County,Apr,2007,137
Sligo,County,Apr,2007,153
South Dublin,County,Apr,2007,277
South Tipperary,County,Apr,2007,129
Waterford,County,Apr,2007,57
Westmeath,County,Apr,2007,120
Wexford,County,Apr,2007,236
Wicklow,County,Apr,2007,129
Carlow,County,May,2007,176
Cavan,County,May,2007,260
Clare,County,May,2007,188
Cork,County,May,2007,654
Donegal,County,May,2007,295
Dun Laoghaire,County,May,2007,221
Fingal,County,May,2007,351
Galway,County,May,2007,325
Kerry,County,May,2007,257
Kildare,County,May,2007,277
Kilkenny,County,May,2007,111
Laois,County,May,2007,209
Leitrim,County,May,2007,60
Limerick,County,May,2007,258
Longford,County,May,2007,142
Louth,County,May,2007,93
Mayo,County,May,2007,144
Meath,County,May,2007,226
Monaghan,County,May,2007,95
North Tipperary,County,May,2007,101
Offaly,County,May,2007,86
Roscommon,County,May,2007,128
Sligo,County,May,2007,96
South Dublin,County,May,2007,416
South Tipperary,County,May,2007,65
Waterford,County,May,2007,99
Westmeath,County,May,2007,124
Wexford,County,May,2007,403
Wicklow,County,May,2007,137
Carlow,County,Jun,2007,97
Cavan,County,Jun,2007,153
Clare,County,Jun,2007,159
Cork,County,Jun,2007,576
Donegal,County,Jun,2007,400
Dun Laoghaire,County,Jun,2007,273
Fingal,County,Jun,2007,446
Galway,County,Jun,2007,272
Kerry,County,Jun,2007,209
Kildare,County,Jun,2007,217
Kilkenny,County,Jun,2007,77
Laois,County,Jun,2007,133
Leitrim,County,Jun,2007,86
Limerick,County,Jun,2007,179
Longford,County,Jun,2007,97
Louth,County,Jun,2007,110
Mayo,County,Jun,2007,230
Meath,County,Jun,2007,265
Monaghan,County,Jun,2007,127
North Tipperary,County,Jun,2007,85
Offaly,County,Jun,2007,111
Roscommon,County,Jun,2007,134
Sligo,County,Jun,2007,74
South Dublin,County,Jun,2007,147
South Tipperary,County,Jun,2007,80
Waterford,County,Jun,2007,87
Westmeath,County,Jun,2007,134
Wexford,County,Jun,2007,296
Wicklow,County,Jun,2007,96
Carlow,County,Jul,2007,89
Cavan,County,Jul,2007,86
Clare,County,Jul,2007,163
Cork,County,Jul,2007,416
Donegal,County,Jul,2007,264
Dun Laoghaire,County,Jul,2007,204
Fingal,County,Jul,2007,345
Galway,County,Jul,2007,223
Kerry,County,Jul,2007,180
Kildare,County,Jul,2007,221
Kilkenny,County,Jul,2007,124
Laois,County,Jul,2007,141
Leitrim,County,Jul,2007,71
Limerick,County,Jul,2007,102
Longford,County,Jul,2007,148
Louth,County,Jul,2007,99
Mayo,County,Jul,2007,154
Meath,County,Jul,2007,155
Monaghan,County,Jul,2007,57
North Tipperary,County,Jul,2007,54
Offaly,County,Jul,2007,79
Roscommon,County,Jul,2007,76
Sligo,County,Jul,2007,66
South Dublin,County,Jul,2007,377
South Tipperary,County,Jul,2007,64
Waterford,County,Jul,2007,84
Westmeath,County,Jul,2007,80
Wexford,County,Jul,2007,144
Wicklow,County,Jul,2007,74
Carlow,County,Aug,2007,61
Cavan,County,Aug,2007,227
Clare,County,Aug,2007,151
Cork,County,Aug,2007,550
Donegal,County,Aug,2007,284
Dun Laoghaire,County,Aug,2007,269
Fingal,County,Aug,2007,329
Galway,County,Aug,2007,223
Kerry,County,Aug,2007,262
Kildare,County,Aug,2007,194
Kilkenny,County,Aug,2007,144
Laois,County,Aug,2007,137
Leitrim,County,Aug,2007,91
Limerick,County,Aug,2007,165
Longford,County,Aug,2007,65
Louth,County,Aug,2007,151
Mayo,County,Aug,2007,170
Meath,County,Aug,2007,180
Monaghan,County,Aug,2007,95
North Tipperary,County,Aug,2007,95
Offaly,County,Aug,2007,120
Roscommon,County,Aug,2007,116
Sligo,County,Aug,2007,72
South Dublin,County,Aug,2007,196
South Tipperary,County,Aug,2007,63
Waterford,County,Aug,2007,99
Westmeath,County,Aug,2007,143
Wexford,County,Aug,2007,303
Wicklow,County,Aug,2007,176
Carlow,County,Sept,2007,72
Cavan,County,Sept,2007,214
Clare,County,Sept,2007,161
Cork,County,Sept,2007,550
Donegal,County,Sept,2007,423
Dun Laoghaire,County,Sept,2007,422
Fingal,County,Sept,2007,419
Galway,County,Sept,2007,243
Kerry,County,Sept,2007,206
Kildare,County,Sept,2007,296
Kilkenny,County,Sept,2007,76
Laois,County,Sept,2007,136
Leitrim,County,Sept,2007,73
Limerick,County,Sept,2007,146
Longford,County,Sept,2007,126
Louth,County,Sept,2007,173
Mayo,County,Sept,2007,161
Meath,County,Sept,2007,144
Monaghan,County,Sept,2007,129
North Tipperary,County,Sept,2007,101
Offaly,County,Sept,2007,119
Roscommon,County,Sept,2007,140
Sligo,County,Sept,2007,101
South Dublin,County,Sept,2007,310
South Tipperary,County,Sept,2007,93
Waterford,County,Sept,2007,110
Westmeath,County,Sept,2007,183
Wexford,County,Sept,2007,260
Wicklow,County,Sept,2007,157
Carlow,County,Oct,2007,59
Cavan,County,Oct,2007,162
Clare,County,Oct,2007,255
Cork,County,Oct,2007,731
Donegal,County,Oct,2007,358
Dun Laoghaire,County,Oct,2007,282
Fingal,County,Oct,2007,414
Galway,County,Oct,2007,430
Kerry,County,Oct,2007,187
Kildare,County,Oct,2007,315
Kilkenny,County,Oct,2007,124
Laois,County,Oct,2007,214
Leitrim,County,Oct,2007,64
Limerick,County,Oct,2007,267
Longford,County,Oct,2007,167
Louth,County,Oct,2007,180
Mayo,County,Oct,2007,231
Meath,County,Oct,2007,168
Monaghan,County,Oct,2007,83
North Tipperary,County,Oct,2007,77
Offaly,County,Oct,2007,100
Roscommon,County,Oct,2007,139
Sligo,County,Oct,2007,120
South Dublin,County,Oct,2007,222
South Tipperary,County,Oct,2007,162
Waterford,County,Oct,2007,142
Westmeath,County,Oct,2007,188
Wexford,County,Oct,2007,356
Wicklow,County,Oct,2007,202
Carlow,County,Nov,2007,62
Cavan,County,Nov,2007,181
Clare,County,Nov,2007,258
Cork,County,Nov,2007,756
Donegal,County,Nov,2007,372
Dun Laoghaire,County,Nov,2007,291
Fingal,County,Nov,2007,426
Galway,County,Nov,2007,457
Kerry,County,Nov,2007,193
Kildare,County,Nov,2007,322
Kilkenny,County,Nov,2007,132
Laois,County,Nov,2007,217
Leitrim,County,Nov,2007,69
Limerick,County,Nov,2007,277
Longford,County,Nov,2007,172
Louth,County,Nov,2007,188
Mayo,County,Nov,2007,244
Meath,County,Nov,2007,196
Monaghan,County,Nov,2007,84
North Tipperary,County,Nov,2007,80
Offaly,County,Nov,2007,101
Roscommon,County,Nov,2007,145
Sligo,County,Nov,2007,126
South Dublin,County,Nov,2007,230
South Tipperary,County,Nov,2007,170
Waterford,County,Nov,2007,145
Westmeath,County,Nov,2007,193
Wexford,County,Nov,2007,364
Wicklow,County,Nov,2007,217
Carlow,County,Dec,2007,106
Cavan,County,Dec,2007,219
Clare,County,Dec,2007,203
Cork,County,Dec,2007,628
Donegal,County,Dec,2007,353
Dun Laoghaire,County,Dec,2007,312
Fingal,County,Dec,2007,244
Galway,County,Dec,2007,294
Kerry,County,Dec,2007,265
Kildare,County,Dec,2007,167
Kilkenny,County,Dec,2007,181
Laois,County,Dec,2007,203
Leitrim,County,Dec,2007,65
Limerick,County,Dec,2007,327
Longford,County,Dec,2007,120
Louth,County,Dec,2007,140
Mayo,County,Dec,2007,232
Meath,County,Dec,2007,163
Monaghan,County,Dec,2007,78
North Tipperary,County,Dec,2007,116
Offaly,County,Dec,2007,133
Roscommon,County,Dec,2007,81
Sligo,County,Dec,2007,116
South Dublin,County,Dec,2007,270
South Tipperary,County,Dec,2007,83
Waterford,County,Dec,2007,140
Westmeath,County,Dec,2007,116
Wexford,County,Dec,2007,213
Wicklow,County,Dec,2007,132
Carlow,County,Jan,2008,44
Cavan,County,Jan,2008,124
Clare,County,Jan,2008,100
Cork,County,Jan,2008,421
Donegal,County,Jan,2008,155
Dun Laoghaire,County,Jan,2008,335
Fingal,County,Jan,2008,204
Galway,County,Jan,2008,188
Kerry,County,Jan,2008,94
Kildare,County,Jan,2008,176
Kilkenny,County,Jan,2008,147
Laois,County,Jan,2008,94
Leitrim,County,Jan,2008,44
Limerick,County,Jan,2008,115
Longford,County,Jan,2008,76
Louth,County,Jan,2008,143
Mayo,County,Jan,2008,122
Meath,County,Jan,2008,207
Monaghan,County,Jan,2008,105
North Tipperary,County,Jan,2008,54
Offaly,County,Jan,2008,134
Roscommon,County,Jan,2008,196
Sligo,County,Jan,2008,117
South Dublin,County,Jan,2008,262
South Tipperary,County,Jan,2008,96
Waterford,County,Jan,2008,107
Westmeath,County,Jan,2008,108
Wexford,County,Jan,2008,159
Wicklow,County,Jan,2008,123
Carlow,County,Feb,2008,61
Cavan,County,Feb,2008,90
Clare,County,Feb,2008,152
Cork,County,Feb,2008,515
Donegal,County,Feb,2008,297
Dun Laoghaire,County,Feb,2008,230
Fingal,County,Feb,2008,205
Galway,County,Feb,2008,210
Kerry,County,Feb,2008,197
Kildare,County,Feb,2008,140
Kilkenny,County,Feb,2008,127
Laois,County,Feb,2008,160
Leitrim,County,Feb,2008,65
Limerick,County,Feb,2008,181
Longford,County,Feb,2008,54
Louth,County,Feb,2008,160
Mayo,County,Feb,2008,201
Meath,County,Feb,2008,128
Monaghan,County,Feb,2008,88
North Tipperary,County,Feb,2008,102
Offaly,County,Feb,2008,92
Roscommon,County,Feb,2008,122
Sligo,County,Feb,2008,75
South Dublin,County,Feb,2008,162
South Tipperary,County,Feb,2008,108
Waterford,County,Feb,2008,91
Westmeath,County,Feb,2008,158
Wexford,County,Feb,2008,215
Wicklow,County,Feb,2008,81
Carlow,County,Mar,2008,38
Cavan,County,Mar,2008,111
Clare,County,Mar,2008,94
Cork,County,Mar,2008,381
Donegal,County,Mar,2008,225
Dun Laoghaire,County,Mar,2008,86
Fingal,County,Mar,2008,82
Galway,County,Mar,2008,179
Kerry,County,Mar,2008,154
Kildare,County,Mar,2008,129
Kilkenny,County,Mar,2008,57
Laois,County,Mar,2008,102
Leitrim,County,Mar,2008,50
Limerick,County,Mar,2008,129
Longford,County,Mar,2008,66
Louth,County,Mar,2008,62
Mayo,County,Mar,2008,152
Meath,County,Mar,2008,187
Monaghan,County,Mar,2008,47
North Tipperary,County,Mar,2008,77
Offaly,County,Mar,2008,60
Roscommon,County,Mar,2008,59
Sligo,County,Mar,2008,53
South Dublin,County,Mar,2008,171
South Tipperary,County,Mar,2008,53
Waterford,County,Mar,2008,68
Westmeath,County,Mar,2008,91
Wexford,County,Mar,2008,151
Wicklow,County,Mar,2008,110
Carlow,County,Apr,2008,94
Cavan,County,Apr,2008,75
Clare,County,Apr,2008,128
Cork,County,Apr,2008,404
Donegal,County,Apr,2008,239
Dun Laoghaire,County,Apr,2008,235
Fingal,County,Apr,2008,192
Galway,County,Apr,2008,213
Kerry,County,Apr,2008,170
Kildare,County,Apr,2008,170
Kilkenny,County,Apr,2008,102
Laois,County,Apr,2008,163
Leitrim,County,Apr,2008,88
Limerick,County,Apr,2008,153
Longford,County,Apr,2008,64
Louth,County,Apr,2008,86
Mayo,County,Apr,2008,201
Meath,County,Apr,2008,194
Monaghan,County,Apr,2008,59
North Tipperary,County,Apr,2008,69
Offaly,County,Apr,2008,72
Roscommon,County,Apr,2008,78
Sligo,County,Apr,2008,90
South Dublin,County,Apr,2008,246
South Tipperary,County,Apr,2008,74
Waterford,County,Apr,2008,144
Westmeath,County,Apr,2008,86
Wexford,County,Apr,2008,197
Wicklow,County,Apr,2008,159
Carlow,County,May,2008,39
Cavan,County,May,2008,62
Clare,County,May,2008,97
Cork,County,May,2008,431
Donegal,County,May,2008,313
Dun Laoghaire,County,May,2008,185
Fingal,County,May,2008,189
Galway,County,May,2008,177
Kerry,County,May,2008,143
Kildare,County,May,2008,170
Kilkenny,County,May,2008,81
Laois,County,May,2008,118
Leitrim,County,May,2008,77
Limerick,County,May,2008,149
Longford,County,May,2008,55
Louth,County,May,2008,85
Mayo,County,May,2008,93
Meath,County,May,2008,170
Monaghan,County,May,2008,33
North Tipperary,County,May,2008,94
Offaly,County,May,2008,103
Roscommon,County,May,2008,62
Sligo,County,May,2008,114
South Dublin,County,May,2008,153
South Tipperary,County,May,2008,59
Waterford,County,May,2008,100
Westmeath,County,May,2008,153
Wexford,County,May,2008,200
Wicklow,County,May,2008,120
Carlow,County,Jun,2008,51
Cavan,County,Jun,2008,92
Clare,County,Jun,2008,95
Cork,County,Jun,2008,483
Donegal,County,Jun,2008,174
Dun Laoghaire,County,Jun,2008,262
Fingal,County,Jun,2008,129
Galway,County,Jun,2008,112
Kerry,County,Jun,2008,132
Kildare,County,Jun,2008,132
Kilkenny,County,Jun,2008,122
Laois,County,Jun,2008,70
Leitrim,County,Jun,2008,42
Limerick,County,Jun,2008,105
Longford,County,Jun,2008,34
Louth,County,Jun,2008,90
Mayo,County,Jun,2008,172
Meath,County,Jun,2008,219
Monaghan,County,Jun,2008,69
North Tipperary,County,Jun,2008,81
Offaly,County,Jun,2008,41
Roscommon,County,Jun,2008,92
Sligo,County,Jun,2008,82
South Dublin,County,Jun,2008,144
South Tipperary,County,Jun,2008,88
Waterford,County,Jun,2008,73
Westmeath,County,Jun,2008,53
Wexford,County,Jun,2008,123
Wicklow,County,Jun,2008,83
Carlow,County,Jul,2008,43
Cavan,County,Jul,2008,129
Clare,County,Jul,2008,149
Cork,County,Jul,2008,413
Donegal,County,Jul,2008,172
Dun Laoghaire,County,Jul,2008,168
Fingal,County,Jul,2008,131
Galway,County,Jul,2008,155
Kerry,County,Jul,2008,177
Kildare,County,Jul,2008,207
Kilkenny,County,Jul,2008,87
Laois,County,Jul,2008,79
Leitrim,County,Jul,2008,63
Limerick,County,Jul,2008,102
Longford,County,Jul,2008,39
Louth,County,Jul,2008,157
Mayo,County,Jul,2008,158
Meath,County,Jul,2008,193
Monaghan,County,Jul,2008,41
North Tipperary,County,Jul,2008,133
Offaly,County,Jul,2008,63
Roscommon,County,Jul,2008,89
Sligo,County,Jul,2008,86
South Dublin,County,Jul,2008,73
South Tipperary,County,Jul,2008,103
Waterford,County,Jul,2008,68
Westmeath,County,Jul,2008,77
Wexford,County,Jul,2008,242
Wicklow,County,Jul,2008,88
Carlow,County,Aug,2008,71
Cavan,County,Aug,2008,67
Clare,County,Aug,2008,81
Cork,County,Aug,2008,488
Donegal,County,Aug,2008,132
Dun Laoghaire,County,Aug,2008,168
Fingal,County,Aug,2008,153
Galway,County,Aug,2008,218
Kerry,County,Aug,2008,133
Kildare,County,Aug,2008,123
Kilkenny,County,Aug,2008,76
Laois,County,Aug,2008,80
Leitrim,County,Aug,2008,53
Limerick,County,Aug,2008,132
Longford,County,Aug,2008,31
Louth,County,Aug,2008,87
Mayo,County,Aug,2008,92
Meath,County,Aug,2008,112
Monaghan,County,Aug,2008,44
North Tipperary,County,Aug,2008,43
Offaly,County,Aug,2008,65
Roscommon,County,Aug,2008,71
Sligo,County,Aug,2008,43
South Dublin,County,Aug,2008,70
South Tipperary,County,Aug,2008,42
Waterford,County,Aug,2008,50
Westmeath,County,Aug,2008,62
Wexford,County,Aug,2008,164
Wicklow,County,Aug,2008,110
Carlow,County,Sept,2008,33
Cavan,County,Sept,2008,90
Clare,County,Sept,2008,155
Cork,County,Sept,2008,392
Donegal,County,Sept,2008,272
Dun Laoghaire,County,Sept,2008,115
Fingal,County,Sept,2008,190
Galway,County,Sept,2008,278
Kerry,County,Sept,2008,260
Kildare,County,Sept,2008,133
Kilkenny,County,Sept,2008,70
Laois,County,Sept,2008,67
Leitrim,County,Sept,2008,50
Limerick,County,Sept,2008,126
Longford,County,Sept,2008,37
Louth,County,Sept,2008,58
Mayo,County,Sept,2008,137
Meath,County,Sept,2008,143
Monaghan,County,Sept,2008,45
North Tipperary,County,Sept,2008,51
Offaly,County,Sept,2008,74
Roscommon,County,Sept,2008,59
Sligo,County,Sept,2008,103
South Dublin,County,Sept,2008,114
South Tipperary,County,Sept,2008,82
Waterford,County,Sept,2008,45
Westmeath,County,Sept,2008,100
Wexford,County,Sept,2008,127
Wicklow,County,Sept,2008,68
Carlow,County,Oct,2008,49
Cavan,County,Oct,2008,62
Clare,County,Oct,2008,102
Cork,County,Oct,2008,393
Donegal,County,Oct,2008,195
Dun Laoghaire,County,Oct,2008,127
Fingal,County,Oct,2008,274
Galway,County,Oct,2008,165
Kerry,County,Oct,2008,223
Kildare,County,Oct,2008,161
Kilkenny,County,Oct,2008,64
Laois,County,Oct,2008,74
Leitrim,County,Oct,2008,47
Limerick,County,Oct,2008,134
Longford,County,Oct,2008,45
Louth,County,Oct,2008,143
Mayo,County,Oct,2008,160
Meath,County,Oct,2008,118
Monaghan,County,Oct,2008,33
North Tipperary,County,Oct,2008,73
Offaly,County,Oct,2008,50
Roscommon,County,Oct,2008,73
Sligo,County,Oct,2008,75
South Dublin,County,Oct,2008,157
South Tipperary,County,Oct,2008,57
Waterford,County,Oct,2008,45
Westmeath,County,Oct,2008,76
Wexford,County,Oct,2008,119
Wicklow,County,Oct,2008,56
Carlow,County,Nov,2008,72
Cavan,County,Nov,2008,86
Clare,County,Nov,2008,144
Cork,County,Nov,2008,435
Donegal,County,Nov,2008,200
Dun Laoghaire,County,Nov,2008,76
Fingal,County,Nov,2008,187
Galway,County,Nov,2008,209
Kerry,County,Nov,2008,144
Kildare,County,Nov,2008,112
Kilkenny,County,Nov,2008,112
Laois,County,Nov,2008,61
Leitrim,County,Nov,2008,40
Limerick,County,Nov,2008,127
Longford,County,Nov,2008,55
Louth,County,Nov,2008,187
Mayo,County,Nov,2008,132
Meath,County,Nov,2008,164
Monaghan,County,Nov,2008,51
North Tipperary,County,Nov,2008,118
Offaly,County,Nov,2008,52
Roscommon,County,Nov,2008,74
Sligo,County,Nov,2008,66
South Dublin,County,Nov,2008,115
South Tipperary,County,Nov,2008,72
Waterford,County,Nov,2008,109
Westmeath,County,Nov,2008,76
Wexford,County,Nov,2008,154
Wicklow,County,Nov,2008,127
Carlow,County,Dec,2008,40
Cavan,County,Dec,2008,74
Clare,County,Dec,2008,96
Cork,County,Dec,2008,335
Donegal,County,Dec,2008,202
Dun Laoghaire,County,Dec,2008,100
Fingal,County,Dec,2008,213
Galway,County,Dec,2008,228
Kerry,County,Dec,2008,134
Kildare,County,Dec,2008,158
Kilkenny,County,Dec,2008,97
Laois,County,Dec,2008,88
Leitrim,County,Dec,2008,28
Limerick,County,Dec,2008,119
Longford,County,Dec,2008,28
Louth,County,Dec,2008,155
Mayo,County,Dec,2008,154
Meath,County,Dec,2008,111
Monaghan,County,Dec,2008,59
North Tipperary,County,Dec,2008,83
Offaly,County,Dec,2008,51
Roscommon,County,Dec,2008,68
Sligo,County,Dec,2008,20
South Dublin,County,Dec,2008,91
South Tipperary,County,Dec,2008,56
Waterford,County,Dec,2008,50
Westmeath,County,Dec,2008,106
Wexford,County,Dec,2008,147
Wicklow,County,Dec,2008,94
Carlow,County,Jan,2009,19
Cavan,County,Jan,2009,65
Clare,County,Jan,2009,95
Cork,County,Jan,2009,199
Donegal,County,Jan,2009,126
Dun Laoghaire,County,Jan,2009,253
Fingal,County,Jan,2009,111
Galway,County,Jan,2009,121
Kerry,County,Jan,2009,49
Kildare,County,Jan,2009,74
Kilkenny,County,Jan,2009,47
Laois,County,Jan,2009,55
Leitrim,County,Jan,2009,66
Limerick,County,Jan,2009,50
Longford,County,Jan,2009,72
Louth,County,Jan,2009,109
Mayo,County,Jan,2009,121
Meath,County,Jan,2009,101
Monaghan,County,Jan,2009,30
North Tipperary,County,Jan,2009,41
Offaly,County,Jan,2009,38
Roscommon,County,Jan,2009,63
Sligo,County,Jan,2009,47
South Dublin,County,Jan,2009,48
South Tipperary,County,Jan,2009,32
Waterford,County,Jan,2009,46
Westmeath,County,Jan,2009,64
Wexford,County,Jan,2009,98
Wicklow,County,Jan,2009,91
Carlow,County,Feb,2009,36
Cavan,County,Feb,2009,45
Clare,County,Feb,2009,82
Cork,County,Feb,2009,282
Donegal,County,Feb,2009,186
Dun Laoghaire,County,Feb,2009,102
Fingal,County,Feb,2009,147
Galway,County,Feb,2009,130
Kerry,County,Feb,2009,63
Kildare,County,Feb,2009,61
Kilkenny,County,Feb,2009,53
Laois,County,Feb,2009,53
Leitrim,County,Feb,2009,25
Limerick,County,Feb,2009,88
Longford,County,Feb,2009,53
Louth,County,Feb,2009,43
Mayo,County,Feb,2009,107
Meath,County,Feb,2009,134
Monaghan,County,Feb,2009,30
North Tipperary,County,Feb,2009,47
Offaly,County,Feb,2009,29
Roscommon,County,Feb,2009,44
Sligo,County,Feb,2009,47
South Dublin,County,Feb,2009,40
South Tipperary,County,Feb,2009,33
Waterford,County,Feb,2009,42
Westmeath,County,Feb,2009,23
Wexford,County,Feb,2009,75
Wicklow,County,Feb,2009,46
Carlow,County,Mar,2009,50
Cavan,County,Mar,2009,38
Clare,County,Mar,2009,99
Cork,County,Mar,2009,241
Donegal,County,Mar,2009,132
Dun Laoghaire,County,Mar,2009,55
Fingal,County,Mar,2009,128
Galway,County,Mar,2009,99
Kerry,County,Mar,2009,100
Kildare,County,Mar,2009,92
Kilkenny,County,Mar,2009,39
Laois,County,Mar,2009,48
Leitrim,County,Mar,2009,42
Limerick,County,Mar,2009,102
Longford,County,Mar,2009,37
Louth,County,Mar,2009,51
Mayo,County,Mar,2009,71
Meath,County,Mar,2009,77
Monaghan,County,Mar,2009,19
North Tipperary,County,Mar,2009,40
Offaly,County,Mar,2009,49
Roscommon,County,Mar,2009,54
Sligo,County,Mar,2009,46
South Dublin,County,Mar,2009,42
South Tipperary,County,Mar,2009,37
Waterford,County,Mar,2009,51
Westmeath,County,Mar,2009,82
Wexford,County,Mar,2009,98
Wicklow,County,Mar,2009,91
Carlow,County,Apr,2009,45
Cavan,County,Apr,2009,38
Clare,County,Apr,2009,53
Cork,County,Apr,2009,215
Donegal,County,Apr,2009,122
Dun Laoghaire,County,Apr,2009,77
Fingal,County,Apr,2009,91
Galway,County,Apr,2009,135
Kerry,County,Apr,2009,70
Kildare,County,Apr,2009,113
Kilkenny,County,Apr,2009,43
Laois,County,Apr,2009,48
Leitrim,County,Apr,2009,22
Limerick,County,Apr,2009,50
Longford,County,Apr,2009,106
Louth,County,Apr,2009,55
Mayo,County,Apr,2009,79
Meath,County,Apr,2009,70
Monaghan,County,Apr,2009,46
North Tipperary,County,Apr,2009,37
Offaly,County,Apr,2009,31
Roscommon,County,Apr,2009,56
Sligo,County,Apr,2009,63
South Dublin,County,Apr,2009,70
South Tipperary,County,Apr,2009,46
Waterford,County,Apr,2009,62
Westmeath,County,Apr,2009,38
Wexford,County,Apr,2009,86
Wicklow,County,Apr,2009,48
Carlow,County,May,2009,31
Cavan,County,May,2009,44
Clare,County,May,2009,54
Cork,County,May,2009,257
Donegal,County,May,2009,143
Dun Laoghaire,County,May,2009,53
Fingal,County,May,2009,89
Galway,County,May,2009,99
Kerry,County,May,2009,66
Kildare,County,May,2009,117
Kilkenny,County,May,2009,40
Laois,County,May,2009,47
Leitrim,County,May,2009,20
Limerick,County,May,2009,84
Longford,County,May,2009,28
Louth,County,May,2009,92
Mayo,County,May,2009,96
Meath,County,May,2009,93
Monaghan,County,May,2009,39
North Tipperary,County,May,2009,40
Offaly,County,May,2009,26
Roscommon,County,May,2009,31
Sligo,County,May,2009,44
South Dublin,County,May,2009,32
South Tipperary,County,May,2009,20
Waterford,County,May,2009,36
Westmeath,County,May,2009,26
Wexford,County,May,2009,85
Wicklow,County,May,2009,47
Carlow,County,Jun,2009,55
Cavan,County,Jun,2009,39
Clare,County,Jun,2009,43
Cork,County,Jun,2009,240
Donegal,County,Jun,2009,146
Dun Laoghaire,County,Jun,2009,40
Fingal,County,Jun,2009,113
Galway,County,Jun,2009,81
Kerry,County,Jun,2009,70
Kildare,County,Jun,2009,85
Kilkenny,County,Jun,2009,32
Laois,County,Jun,2009,49
Leitrim,County,Jun,2009,19
Limerick,County,Jun,2009,41
Longford,County,Jun,2009,12
Louth,County,Jun,2009,67
Mayo,County,Jun,2009,74
Meath,County,Jun,2009,70
Monaghan,County,Jun,2009,33
North Tipperary,County,Jun,2009,52
Offaly,County,Jun,2009,32
Roscommon,County,Jun,2009,45
Sligo,County,Jun,2009,47
South Dublin,County,Jun,2009,96
South Tipperary,County,Jun,2009,46
Waterford,County,Jun,2009,36
Westmeath,County,Jun,2009,34
Wexford,County,Jun,2009,118
Wicklow,County,Jun,2009,60
Carlow,County,Jul,2009,26
Cavan,County,Jul,2009,42
Clare,County,Jul,2009,77
Cork,County,Jul,2009,232
Donegal,County,Jul,2009,150
Dun Laoghaire,County,Jul,2009,40
Fingal,County,Jul,2009,186
Galway,County,Jul,2009,114
Kerry,County,Jul,2009,117
Kildare,County,Jul,2009,54
Kilkenny,County,Jul,2009,47
Laois,County,Jul,2009,42
Leitrim,County,Jul,2009,32
Limerick,County,Jul,2009,47
Longford,County,Jul,2009,11
Louth,County,Jul,2009,66
Mayo,County,Jul,2009,79
Meath,County,Jul,2009,87
Monaghan,County,Jul,2009,39
North Tipperary,County,Jul,2009,51
Offaly,County,Jul,2009,28
Roscommon,County,Jul,2009,24
Sligo,County,Jul,2009,55
South Dublin,County,Jul,2009,108
South Tipperary,County,Jul,2009,47
Waterford,County,Jul,2009,42
Westmeath,County,Jul,2009,33
Wexford,County,Jul,2009,74
Wicklow,County,Jul,2009,75
Carlow,County,Aug,2009,20
Cavan,County,Aug,2009,37
Clare,County,Aug,2009,43
Cork,County,Aug,2009,154
Donegal,County,Aug,2009,91
Dun Laoghaire,County,Aug,2009,13
Fingal,County,Aug,2009,68
Galway,County,Aug,2009,76
Kerry,County,Aug,2009,53
Kildare,County,Aug,2009,72
Kilkenny,County,Aug,2009,27
Laois,County,Aug,2009,29
Leitrim,County,Aug,2009,18
Limerick,County,Aug,2009,42
Longford,County,Aug,2009,14
Louth,County,Aug,2009,33
Mayo,County,Aug,2009,89
Meath,County,Aug,2009,76
Monaghan,County,Aug,2009,31
North Tipperary,County,Aug,2009,26
Offaly,County,Aug,2009,34
Roscommon,County,Aug,2009,23
Sligo,County,Aug,2009,17
South Dublin,County,Aug,2009,27
South Tipperary,County,Aug,2009,17
Waterford,County,Aug,2009,40
Westmeath,County,Aug,2009,35
Wexford,County,Aug,2009,64
Wicklow,County,Aug,2009,46
Carlow,County,Sept,2009,29
Cavan,County,Sept,2009,63
Clare,County,Sept,2009,43
Cork,County,Sept,2009,197
Donegal,County,Sept,2009,159
Dun Laoghaire,County,Sept,2009,80
Fingal,County,Sept,2009,104
Galway,County,Sept,2009,99
Kerry,County,Sept,2009,61
Kildare,County,Sept,2009,87
Kilkenny,County,Sept,2009,38
Laois,County,Sept,2009,19
Leitrim,County,Sept,2009,20
Limerick,County,Sept,2009,43
Longford,County,Sept,2009,19
Louth,County,Sept,2009,60
Mayo,County,Sept,2009,99
Meath,County,Sept,2009,123
Monaghan,County,Sept,2009,41
North Tipperary,County,Sept,2009,29
Offaly,County,Sept,2009,32
Roscommon,County,Sept,2009,30
Sligo,County,Sept,2009,41
South Dublin,County,Sept,2009,48
South Tipperary,County,Sept,2009,43
Waterford,County,Sept,2009,36
Westmeath,County,Sept,2009,51
Wexford,County,Sept,2009,96
Wicklow,County,Sept,2009,42
Carlow,County,Oct,2009,53
Cavan,County,Oct,2009,58
Clare,County,Oct,2009,53
Cork,County,Oct,2009,166
Donegal,County,Oct,2009,100
Dun Laoghaire,County,Oct,2009,80
Fingal,County,Oct,2009,99
Galway,County,Oct,2009,93
Kerry,County,Oct,2009,55
Kildare,County,Oct,2009,92
Kilkenny,County,Oct,2009,33
Laois,County,Oct,2009,34
Leitrim,County,Oct,2009,20
Limerick,County,Oct,2009,49
Longford,County,Oct,2009,31
Louth,County,Oct,2009,34
Mayo,County,Oct,2009,85
Meath,County,Oct,2009,79
Monaghan,County,Oct,2009,42
North Tipperary,County,Oct,2009,75
Offaly,County,Oct,2009,29
Roscommon,County,Oct,2009,36
Sligo,County,Oct,2009,42
South Dublin,County,Oct,2009,52
South Tipperary,County,Oct,2009,28
Waterford,County,Oct,2009,28
Westmeath,County,Oct,2009,27
Wexford,County,Oct,2009,66
Wicklow,County,Oct,2009,60
Carlow,County,Nov,2009,35
Cavan,County,Nov,2009,30
Clare,County,Nov,2009,67
Cork,County,Nov,2009,252
Donegal,County,Nov,2009,156
Dun Laoghaire,County,Nov,2009,100
Fingal,County,Nov,2009,82
Galway,County,Nov,2009,127
Kerry,County,Nov,2009,63
Kildare,County,Nov,2009,76
Kilkenny,County,Nov,2009,35
Laois,County,Nov,2009,53
Leitrim,County,Nov,2009,7
Limerick,County,Nov,2009,61
Longford,County,Nov,2009,44
Louth,County,Nov,2009,77
Mayo,County,Nov,2009,54
Meath,County,Nov,2009,67
Monaghan,County,Nov,2009,28
North Tipperary,County,Nov,2009,68
Offaly,County,Nov,2009,24
Roscommon,County,Nov,2009,36
Sligo,County,Nov,2009,21
South Dublin,County,Nov,2009,31
South Tipperary,County,Nov,2009,29
Waterford,County,Nov,2009,39
Westmeath,County,Nov,2009,58
Wexford,County,Nov,2009,78
Wicklow,County,Nov,2009,46
Carlow,County,Dec,2009,24
Cavan,County,Dec,2009,62
Clare,County,Dec,2009,56
Cork,County,Dec,2009,206
Donegal,County,Dec,2009,178
Dun Laoghaire,County,Dec,2009,59
Fingal,County,Dec,2009,91
Galway,County,Dec,2009,99
Kerry,County,Dec,2009,99
Kildare,County,Dec,2009,83
Kilkenny,County,Dec,2009,38
Laois,County,Dec,2009,46
Leitrim,County,Dec,2009,12
Limerick,County,Dec,2009,56
Longford,County,Dec,2009,18
Louth,County,Dec,2009,76
Mayo,County,Dec,2009,78
Meath,County,Dec,2009,85
Monaghan,County,Dec,2009,39
North Tipperary,County,Dec,2009,92
Offaly,County,Dec,2009,32
Roscommon,County,Dec,2009,23
Sligo,County,Dec,2009,14
South Dublin,County,Dec,2009,38
South Tipperary,County,Dec,2009,46
Waterford,County,Dec,2009,31
Westmeath,County,Dec,2009,35
Wexford,County,Dec,2009,86
Wicklow,County,Dec,2009,48
Carlow,County,Jan,2010,16
Cavan,County,Jan,2010,19
Clare,County,Jan,2010,21
Cork,County,Jan,2010,93
Donegal,County,Jan,2010,57
Dun Laoghaire,County,Jan,2010,51
Fingal,County,Jan,2010,75
Galway,County,Jan,2010,56
Kerry,County,Jan,2010,23
Kildare,County,Jan,2010,44
Kilkenny,County,Jan,2010,25
Laois,County,Jan,2010,17
Leitrim,County,Jan,2010,6
Limerick,County,Jan,2010,31
Longford,County,Jan,2010,10
Louth,County,Jan,2010,98
Mayo,County,Jan,2010,43
Meath,County,Jan,2010,36
Monaghan,County,Jan,2010,14
North Tipperary,County,Jan,2010,22
Offaly,County,Jan,2010,17
Roscommon,County,Jan,2010,30
Sligo,County,Jan,2010,33
South Dublin,County,Jan,2010,29
South Tipperary,County,Jan,2010,21
Waterford,County,Jan,2010,73
Westmeath,County,Jan,2010,20
Wexford,County,Jan,2010,39
Wicklow,County,Jan,2010,40
Carlow,County,Feb,2010,13
Cavan,County,Feb,2010,33
Clare,County,Feb,2010,49
Cork,County,Feb,2010,128
Donegal,County,Feb,2010,64
Dun Laoghaire,County,Feb,2010,29
Fingal,County,Feb,2010,36
Galway,County,Feb,2010,102
Kerry,County,Feb,2010,47
Kildare,County,Feb,2010,63
Kilkenny,County,Feb,2010,22
Laois,County,Feb,2010,20
Leitrim,County,Feb,2010,23
Limerick,County,Feb,2010,35
Longford,County,Feb,2010,16
Louth,County,Feb,2010,31
Mayo,County,Feb,2010,42
Meath,County,Feb,2010,54
Monaghan,County,Feb,2010,16
North Tipperary,County,Feb,2010,24
Offaly,County,Feb,2010,13
Roscommon,County,Feb,2010,44
Sligo,County,Feb,2010,20
South Dublin,County,Feb,2010,30
South Tipperary,County,Feb,2010,33
Waterford,County,Feb,2010,22
Westmeath,County,Feb,2010,25
Wexford,County,Feb,2010,66
Wicklow,County,Feb,2010,25
Carlow,County,Mar,2010,12
Cavan,County,Mar,2010,26
Clare,County,Mar,2010,57
Cork,County,Mar,2010,209
Donegal,County,Mar,2010,91
Dun Laoghaire,County,Mar,2010,12
Fingal,County,Mar,2010,67
Galway,County,Mar,2010,67
Kerry,County,Mar,2010,53
Kildare,County,Mar,2010,40
Kilkenny,County,Mar,2010,34
Laois,County,Mar,2010,21
Leitrim,County,Mar,2010,16
Limerick,County,Mar,2010,46
Longford,County,Mar,2010,13
Louth,County,Mar,2010,19
Mayo,County,Mar,2010,60
Meath,County,Mar,2010,45
Monaghan,County,Mar,2010,15
North Tipperary,County,Mar,2010,41
Offaly,County,Mar,2010,15
Roscommon,County,Mar,2010,22
Sligo,County,Mar,2010,17
South Dublin,County,Mar,2010,42
South Tipperary,County,Mar,2010,21
Waterford,County,Mar,2010,22
Westmeath,County,Mar,2010,20
Wexford,County,Mar,2010,62
Wicklow,County,Mar,2010,37
Carlow,County,Apr,2010,18
Cavan,County,Apr,2010,20
Clare,County,Apr,2010,117
Cork,County,Apr,2010,145
Donegal,County,Apr,2010,60
Dun Laoghaire,County,Apr,2010,24
Fingal,County,Apr,2010,20
Galway,County,Apr,2010,70
Kerry,County,Apr,2010,62
Kildare,County,Apr,2010,41
Kilkenny,County,Apr,2010,28
Laois,County,Apr,2010,19
Leitrim,County,Apr,2010,11
Limerick,County,Apr,2010,33
Longford,County,Apr,2010,8
Louth,County,Apr,2010,30
Mayo,County,Apr,2010,47
Meath,County,Apr,2010,45
Monaghan,County,Apr,2010,27
North Tipperary,County,Apr,2010,28
Offaly,County,Apr,2010,22
Roscommon,County,Apr,2010,32
Sligo,County,Apr,2010,14
South Dublin,County,Apr,2010,7
South Tipperary,County,Apr,2010,15
Waterford,County,Apr,2010,29
Westmeath,County,Apr,2010,26
Wexford,County,Apr,2010,48
Wicklow,County,Apr,2010,44
Carlow,County,May,2010,17
Cavan,County,May,2010,28
Clare,County,May,2010,100
Cork,County,May,2010,162
Donegal,County,May,2010,59
Dun Laoghaire,County,May,2010,18
Fingal,County,May,2010,41
Galway,County,May,2010,59
Kerry,County,May,2010,62
Kildare,County,May,2010,51
Kilkenny,County,May,2010,32
Laois,County,May,2010,9
Leitrim,County,May,2010,17
Limerick,County,May,2010,30
Longford,County,May,2010,6
Louth,County,May,2010,35
Mayo,County,May,2010,50
Meath,County,May,2010,41
Monaghan,County,May,2010,19
North Tipperary,County,May,2010,13
Offaly,County,May,2010,16
Roscommon,County,May,2010,17
Sligo,County,May,2010,11
South Dublin,County,May,2010,20
South Tipperary,County,May,2010,17
Waterford,County,May,2010,27
Westmeath,County,May,2010,32
Wexford,County,May,2010,64
Wicklow,County,May,2010,27
Carlow,County,Jun,2010,8
Cavan,County,Jun,2010,36
Clare,County,Jun,2010,34
Cork,County,Jun,2010,119
Donegal,County,Jun,2010,54
Dun Laoghaire,County,Jun,2010,15
Fingal,County,Jun,2010,28
Galway,County,Jun,2010,56
Kerry,County,Jun,2010,70
Kildare,County,Jun,2010,46
Kilkenny,County,Jun,2010,43
Laois,County,Jun,2010,12
Leitrim,County,Jun,2010,13
Limerick,County,Jun,2010,35
Longford,County,Jun,2010,3
Louth,County,Jun,2010,31
Mayo,County,Jun,2010,57
Meath,County,Jun,2010,31
Monaghan,County,Jun,2010,20
North Tipperary,County,Jun,2010,24
Offaly,County,Jun,2010,18
Roscommon,County,Jun,2010,16
Sligo,County,Jun,2010,9
South Dublin,County,Jun,2010,23
South Tipperary,County,Jun,2010,19
Waterford,County,Jun,2010,19
Westmeath,County,Jun,2010,24
Wexford,County,Jun,2010,46
Wicklow,County,Jun,2010,40
Carlow,County,Jul,2010,9
Cavan,County,Jul,2010,14
Clare,County,Jul,2010,31
Cork,County,Jul,2010,179
Donegal,County,Jul,2010,70
Dun Laoghaire,County,Jul,2010,13
Fingal,County,Jul,2010,28
Galway,County,Jul,2010,57
Kerry,County,Jul,2010,44
Kildare,County,Jul,2010,56
Kilkenny,County,Jul,2010,39
Laois,County,Jul,2010,24
Leitrim,County,Jul,2010,11
Limerick,County,Jul,2010,33
Longford,County,Jul,2010,8
Louth,County,Jul,2010,22
Mayo,County,Jul,2010,45
Meath,County,Jul,2010,57
Monaghan,County,Jul,2010,13
North Tipperary,County,Jul,2010,33
Offaly,County,Jul,2010,29
Roscommon,County,Jul,2010,42
Sligo,County,Jul,2010,20
South Dublin,County,Jul,2010,66
South Tipperary,County,Jul,2010,27
Waterford,County,Jul,2010,26
Westmeath,County,Jul,2010,24
Wexford,County,Jul,2010,66
Wicklow,County,Jul,2010,40
Carlow,County,Aug,2010,13
Cavan,County,Aug,2010,11
Clare,County,Aug,2010,40
Cork,County,Aug,2010,135
Donegal,County,Aug,2010,48
Dun Laoghaire,County,Aug,2010,38
Fingal,County,Aug,2010,49
Galway,County,Aug,2010,54
Kerry,County,Aug,2010,31
Kildare,County,Aug,2010,60
Kilkenny,County,Aug,2010,23
Laois,County,Aug,2010,30
Leitrim,County,Aug,2010,8
Limerick,County,Aug,2010,40
Longford,County,Aug,2010,13
Louth,County,Aug,2010,22
Mayo,County,Aug,2010,47
Meath,County,Aug,2010,67
Monaghan,County,Aug,2010,16
North Tipperary,County,Aug,2010,18
Offaly,County,Aug,2010,24
Roscommon,County,Aug,2010,26
Sligo,County,Aug,2010,29
South Dublin,County,Aug,2010,35
South Tipperary,County,Aug,2010,19
Waterford,County,Aug,2010,33
Westmeath,County,Aug,2010,19
Wexford,County,Aug,2010,93
Wicklow,County,Aug,2010,22
Carlow,County,Sept,2010,18
Cavan,County,Sept,2010,24
Clare,County,Sept,2010,29
Cork,County,Sept,2010,140
Donegal,County,Sept,2010,70
Dun Laoghaire,County,Sept,2010,83
Fingal,County,Sept,2010,40
Galway,County,Sept,2010,75
Kerry,County,Sept,2010,44
Kildare,County,Sept,2010,76
Kilkenny,County,Sept,2010,22
Laois,County,Sept,2010,14
Leitrim,County,Sept,2010,11
Limerick,County,Sept,2010,28
Longford,County,Sept,2010,18
Louth,County,Sept,2010,22
Mayo,County,Sept,2010,65
Meath,County,Sept,2010,81
Monaghan,County,Sept,2010,13
North Tipperary,County,Sept,2010,29
Offaly,County,Sept,2010,28
Roscommon,County,Sept,2010,34
Sligo,County,Sept,2010,31
South Dublin,County,Sept,2010,16
South Tipperary,County,Sept,2010,22
Waterford,County,Sept,2010,23
Westmeath,County,Sept,2010,17
Wexford,County,Sept,2010,43
Wicklow,County,Sept,2010,40
Carlow,County,Oct,2010,29
Cavan,County,Oct,2010,19
Clare,County,Oct,2010,32
Cork,County,Oct,2010,94
Donegal,County,Oct,2010,52
Dun Laoghaire,County,Oct,2010,76
Fingal,County,Oct,2010,65
Galway,County,Oct,2010,64
Kerry,County,Oct,2010,39
Kildare,County,Oct,2010,43
Kilkenny,County,Oct,2010,27
Laois,County,Oct,2010,14
Leitrim,County,Oct,2010,12
Limerick,County,Oct,2010,59
Longford,County,Oct,2010,11
Louth,County,Oct,2010,38
Mayo,County,Oct,2010,61
Meath,County,Oct,2010,37
Monaghan,County,Oct,2010,15
North Tipperary,County,Oct,2010,22
Offaly,County,Oct,2010,26
Roscommon,County,Oct,2010,16
Sligo,County,Oct,2010,16
South Dublin,County,Oct,2010,17
South Tipperary,County,Oct,2010,45
Waterford,County,Oct,2010,15
Westmeath,County,Oct,2010,56
Wexford,County,Oct,2010,44
Wicklow,County,Oct,2010,31
Carlow,County,Nov,2010,50
Cavan,County,Nov,2010,41
Clare,County,Nov,2010,40
Cork,County,Nov,2010,177
Donegal,County,Nov,2010,105
Dun Laoghaire,County,Nov,2010,10
Fingal,County,Nov,2010,58
Galway,County,Nov,2010,82
Kerry,County,Nov,2010,33
Kildare,County,Nov,2010,54
Kilkenny,County,Nov,2010,30
Laois,County,Nov,2010,33
Leitrim,County,Nov,2010,11
Limerick,County,Nov,2010,36
Longford,County,Nov,2010,31
Louth,County,Nov,2010,30
Mayo,County,Nov,2010,58
Meath,County,Nov,2010,66
Monaghan,County,Nov,2010,21
North Tipperary,County,Nov,2010,25
Offaly,County,Nov,2010,21
Roscommon,County,Nov,2010,22
Sligo,County,Nov,2010,12
South Dublin,County,Nov,2010,80
South Tipperary,County,Nov,2010,22
Waterford,County,Nov,2010,23
Westmeath,County,Nov,2010,45
Wexford,County,Nov,2010,55
Wicklow,County,Nov,2010,33
Carlow,County,Dec,2010,27
Cavan,County,Dec,2010,25
Clare,County,Dec,2010,42
Cork,County,Dec,2010,117
Donegal,County,Dec,2010,95
Dun Laoghaire,County,Dec,2010,15
Fingal,County,Dec,2010,33
Galway,County,Dec,2010,83
Kerry,County,Dec,2010,38
Kildare,County,Dec,2010,41
Kilkenny,County,Dec,2010,18
Laois,County,Dec,2010,23
Leitrim,County,Dec,2010,3
Limerick,County,Dec,2010,29
Longford,County,Dec,2010,15
Louth,County,Dec,2010,26
Mayo,County,Dec,2010,42
Meath,County,Dec,2010,59
Monaghan,County,Dec,2010,19
North Tipperary,County,Dec,2010,23
Offaly,County,Dec,2010,23
Roscommon,County,Dec,2010,18
Sligo,County,Dec,2010,11
South Dublin,County,Dec,2010,40
South Tipperary,County,Dec,2010,30
Waterford,County,Dec,2010,20
Westmeath,County,Dec,2010,26
Wexford,County,Dec,2010,33
Wicklow,County,Dec,2010,15
Carlow,County,Jan,2011,10
Cavan,County,Jan,2011,32
Clare,County,Jan,2011,19
Cork,County,Jan,2011,129
Donegal,County,Jan,2011,41
Dun Laoghaire,County,Jan,2011,16
Fingal,County,Jan,2011,21
Galway,County,Jan,2011,42
Kerry,County,Jan,2011,16
Kildare,County,Jan,2011,25
Kilkenny,County,Jan,2011,10
Laois,County,Jan,2011,9
Leitrim,County,Jan,2011,30
Limerick,County,Jan,2011,13
Longford,County,Jan,2011,8
Louth,County,Jan,2011,30
Mayo,County,Jan,2011,36
Meath,County,Jan,2011,26
Monaghan,County,Jan,2011,12
North Tipperary,County,Jan,2011,8
Offaly,County,Jan,2011,12
Roscommon,County,Jan,2011,13
Sligo,County,Jan,2011,23
South Dublin,County,Jan,2011,30
South Tipperary,County,Jan,2011,4
Waterford,County,Jan,2011,28
Westmeath,County,Jan,2011,7
Wexford,County,Jan,2011,22
Wicklow,County,Jan,2011,26
Carlow,County,Feb,2011,10
Cavan,County,Feb,2011,17
Clare,County,Feb,2011,28
Cork,County,Feb,2011,85
Donegal,County,Feb,2011,56
Dun Laoghaire,County,Feb,2011,15
Fingal,County,Feb,2011,93
Galway,County,Feb,2011,50
Kerry,County,Feb,2011,30
Kildare,County,Feb,2011,32
Kilkenny,County,Feb,2011,21
Laois,County,Feb,2011,17
Leitrim,County,Feb,2011,23
Limerick,County,Feb,2011,21
Longford,County,Feb,2011,8
Louth,County,Feb,2011,19
Mayo,County,Feb,2011,32
Meath,County,Feb,2011,32
Monaghan,County,Feb,2011,11
North Tipperary,County,Feb,2011,19
Offaly,County,Feb,2011,12
Roscommon,County,Feb,2011,16
Sligo,County,Feb,2011,34
South Dublin,County,Feb,2011,16
South Tipperary,County,Feb,2011,13
Waterford,County,Feb,2011,11
Westmeath,County,Feb,2011,21
Wexford,County,Feb,2011,38
Wicklow,County,Feb,2011,34
Carlow,County,Mar,2011,6
Cavan,County,Mar,2011,40
Clare,County,Mar,2011,27
Cork,County,Mar,2011,149
Donegal,County,Mar,2011,62
Dun Laoghaire,County,Mar,2011,36
Fingal,County,Mar,2011,69
Galway,County,Mar,2011,60
Kerry,County,Mar,2011,39
Kildare,County,Mar,2011,95
Kilkenny,County,Mar,2011,18
Laois,County,Mar,2011,19
Leitrim,County,Mar,2011,10
Limerick,County,Mar,2011,25
Longford,County,Mar,2011,3
Louth,County,Mar,2011,21
Mayo,County,Mar,2011,24
Meath,County,Mar,2011,39
Monaghan,County,Mar,2011,14
North Tipperary,County,Mar,2011,17
Offaly,County,Mar,2011,13
Roscommon,County,Mar,2011,22
Sligo,County,Mar,2011,17
South Dublin,County,Mar,2011,12
South Tipperary,County,Mar,2011,22
Waterford,County,Mar,2011,18
Westmeath,County,Mar,2011,21
Wexford,County,Mar,2011,36
Wicklow,County,Mar,2011,26
Carlow,County,Apr,2011,8
Cavan,County,Apr,2011,19
Clare,County,Apr,2011,16
Cork,County,Apr,2011,99
Donegal,County,Apr,2011,48
Dun Laoghaire,County,Apr,2011,34
Fingal,County,Apr,2011,110
Galway,County,Apr,2011,45
Kerry,County,Apr,2011,29
Kildare,County,Apr,2011,26
Kilkenny,County,Apr,2011,17
Laois,County,Apr,2011,17
Leitrim,County,Apr,2011,4
Limerick,County,Apr,2011,25
Longford,County,Apr,2011,10
Louth,County,Apr,2011,15
Mayo,County,Apr,2011,25
Meath,County,Apr,2011,26
Monaghan,County,Apr,2011,4
North Tipperary,County,Apr,2011,20
Offaly,County,Apr,2011,20
Roscommon,County,Apr,2011,27
Sligo,County,Apr,2011,19
South Dublin,County,Apr,2011,10
South Tipperary,County,Apr,2011,13
Waterford,County,Apr,2011,16
Westmeath,County,Apr,2011,25
Wexford,County,Apr,2011,42
Wicklow,County,Apr,2011,18
Carlow,County,May,2011,6
Cavan,County,May,2011,18
Clare,County,May,2011,26
Cork,County,May,2011,100
Donegal,County,May,2011,55
Dun Laoghaire,County,May,2011,30
Fingal,County,May,2011,27
Galway,County,May,2011,46
Kerry,County,May,2011,27
Kildare,County,May,2011,27
Kilkenny,County,May,2011,15
Laois,County,May,2011,23
Leitrim,County,May,2011,7
Limerick,County,May,2011,19
Longford,County,May,2011,3
Louth,County,May,2011,17
Mayo,County,May,2011,26
Meath,County,May,2011,31
Monaghan,County,May,2011,14
North Tipperary,County,May,2011,33
Offaly,County,May,2011,15
Roscommon,County,May,2011,13
Sligo,County,May,2011,16
South Dublin,County,May,2011,8
South Tipperary,County,May,2011,33
Waterford,County,May,2011,17
Westmeath,County,May,2011,16
Wexford,County,May,2011,39
Wicklow,County,May,2011,10
Carlow,County,Jun,2011,23
Cavan,County,Jun,2011,19
Clare,County,Jun,2011,24
Cork,County,Jun,2011,95
Donegal,County,Jun,2011,82
Dun Laoghaire,County,Jun,2011,16
Fingal,County,Jun,2011,56
Galway,County,Jun,2011,62
Kerry,County,Jun,2011,44
Kildare,County,Jun,2011,14
Kilkenny,County,Jun,2011,26
Laois,County,Jun,2011,13
Leitrim,County,Jun,2011,9
Limerick,County,Jun,2011,28
Longford,County,Jun,2011,17
Louth,County,Jun,2011,37
Mayo,County,Jun,2011,26
Meath,County,Jun,2011,34
Monaghan,County,Jun,2011,12
North Tipperary,County,Jun,2011,33
Offaly,County,Jun,2011,10
Roscommon,County,Jun,2011,32
Sligo,County,Jun,2011,11
South Dublin,County,Jun,2011,6
South Tipperary,County,Jun,2011,17
Waterford,County,Jun,2011,11
Westmeath,County,Jun,2011,18
Wexford,County,Jun,2011,30
Wicklow,County,Jun,2011,20
Carlow,County,Jul,2011,41
Cavan,County,Jul,2011,20
Clare,County,Jul,2011,23
Cork,County,Jul,2011,90
Donegal,County,Jul,2011,50
Dun Laoghaire,County,Jul,2011,3
Fingal,County,Jul,2011,30
Galway,County,Jul,2011,47
Kerry,County,Jul,2011,35
Kildare,County,Jul,2011,26
Kilkenny,County,Jul,2011,44
Laois,County,Jul,2011,15
Leitrim,County,Jul,2011,11
Limerick,County,Jul,2011,27
Longford,County,Jul,2011,5
Louth,County,Jul,2011,17
Mayo,County,Jul,2011,73
Meath,County,Jul,2011,30
Monaghan,County,Jul,2011,15
North Tipperary,County,Jul,2011,15
Offaly,County,Jul,2011,17
Roscommon,County,Jul,2011,21
Sligo,County,Jul,2011,33
South Dublin,County,Jul,2011,7
South Tipperary,County,Jul,2011,19
Waterford,County,Jul,2011,8
Westmeath,County,Jul,2011,20
Wexford,County,Jul,2011,45
Wicklow,County,Jul,2011,22
Carlow,County,Aug,2011,17
Cavan,County,Aug,2011,28
Clare,County,Aug,2011,20
Cork,County,Aug,2011,113
Donegal,County,Aug,2011,42
Dun Laoghaire,County,Aug,2011,8
Fingal,County,Aug,2011,69
Galway,County,Aug,2011,38
Kerry,County,Aug,2011,27
Kildare,County,Aug,2011,23
Kilkenny,County,Aug,2011,35
Laois,County,Aug,2011,16
Leitrim,County,Aug,2011,3
Limerick,County,Aug,2011,21
Longford,County,Aug,2011,3
Louth,County,Aug,2011,19
Mayo,County,Aug,2011,39
Meath,County,Aug,2011,33
Monaghan,County,Aug,2011,16
North Tipperary,County,Aug,2011,23
Offaly,County,Aug,2011,22
Roscommon,County,Aug,2011,11
Sligo,County,Aug,2011,14
South Dublin,County,Aug,2011,8
South Tipperary,County,Aug,2011,16
Waterford,County,Aug,2011,10
Westmeath,County,Aug,2011,22
Wexford,County,Aug,2011,37
Wicklow,County,Aug,2011,23
Carlow,County,Sept,2011,9
Cavan,County,Sept,2011,24
Clare,County,Sept,2011,25
Cork,County,Sept,2011,121
Donegal,County,Sept,2011, 42
Dun Laoghaire,County,Sept,2011,6
Fingal,County,Sept,2011,73
Galway,County,Sept,2011,68
Kerry,County,Sept,2011,42
Kildare,County,Sept,2011,18
Kilkenny,County,Sept,2011,31
Laois,County,Sept,2011,18
Leitrim,County,Sept,2011,10
Limerick,County,Sept,2011,18
Longford,County,Sept,2011,10
Louth,County,Sept,2011,25
Mayo,County,Sept,2011,70
Meath,County,Sept,2011,30
Monaghan,County,Sept,2011,18
North Tipperary,County,Sept,2011,22
Offaly,County,Sept,2011,8
Roscommon,County,Sept,2011,14
Sligo,County,Sept,2011,16
South Dublin,County,Sept,2011,9
South Tipperary,County,Sept,2011,15
Waterford,County,Sept,2011,16
Westmeath,County,Sept,2011,21
Wexford,County,Sept,2011,54
Wicklow,County,Sept,2011,36
Carlow,County,Oct,2011,29
Cavan,County,Oct,2011,13
Clare,County,Oct,2011,32
Cork,County,Oct,2011,101
Donegal,County,Oct,2011,49
Dun Laoghaire,County,Oct,2011,5
Fingal,County,Oct,2011,44
Galway,County,Oct,2011,37
Kerry,County,Oct,2011,26
Kildare,County,Oct,2011,32
Kilkenny,County,Oct,2011,21
Laois,County,Oct,2011,14
Leitrim,County,Oct,2011,1
Limerick,County,Oct,2011,22
Longford,County,Oct,2011,8
Louth,County,Oct,2011,18
Mayo,County,Oct,2011,29
Meath,County,Oct,2011,28
Monaghan,County,Oct,2011,17
North Tipperary,County,Oct,2011,20
Offaly,County,Oct,2011,16
Roscommon,County,Oct,2011,14
Sligo,County,Oct,2011,14
South Dublin,County,Oct,2011,20
South Tipperary,County,Oct,2011,12
Waterford,County,Oct,2011,19
Westmeath,County,Oct,2011,11
Wexford,County,Oct,2011,35
Wicklow,County,Oct,2011,22
Carlow,County,Nov,2011,17
Cavan,County,Nov,2011,28
Clare,County,Nov,2011,32
Cork,County,Nov,2011,135
Donegal,County,Nov,2011,45
Dun Laoghaire,County,Nov,2011,12
Fingal,County,Nov,2011,40
Galway,County,Nov,2011,58
Kerry,County,Nov,2011,25
Kildare,County,Nov,2011,40
Kilkenny,County,Nov,2011,20
Laois,County,Nov,2011,29
Leitrim,County,Nov,2011,9
Limerick,County,Nov,2011,49
Longford,County,Nov,2011,5
Louth,County,Nov,2011,19
Mayo,County,Nov,2011,43
Meath,County,Nov,2011,35
Monaghan,County,Nov,2011,18
North Tipperary,County,Nov,2011,24
Offaly,County,Nov,2011,22
Roscommon,County,Nov,2011,14
Sligo,County,Nov,2011,18
South Dublin,County,Nov,2011,25
South Tipperary,County,Nov,2011,16
Waterford,County,Nov,2011,16
Westmeath,County,Nov,2011,15
Wexford,County,Nov,2011,34
Wicklow,County,Nov,2011,28
Carlow,County,Dec,2011,13
Cavan,County,Dec,2011,14
Clare,County,Dec,2011,22
Cork,County,Dec,2011,115
Donegal,County,Dec,2011,38
Dun Laoghaire,County,Dec,2011,11
Fingal,County,Dec,2011,30
Galway,County,Dec,2011,67
Kerry,County,Dec,2011,47
Kildare,County,Dec,2011,49
Kilkenny,County,Dec,2011,32
Laois,County,Dec,2011,15
Leitrim,County,Dec,2011,8
Limerick,County,Dec,2011,36
Longford,County,Dec,2011,9
Louth,County,Dec,2011,20
Mayo,County,Dec,2011,47
Meath,County,Dec,2011,25
Monaghan,County,Dec,2011,13
North Tipperary,County,Dec,2011,22
Offaly,County,Dec,2011,20
Roscommon,County,Dec,2011,15
Sligo,County,Dec,2011,9
South Dublin,County,Dec,2011,9
South Tipperary,County,Dec,2011,13
Waterford,County,Dec,2011,26
Westmeath,County,Dec,2011,15
Wexford,County,Dec,2011,23
Wicklow,County,Dec,2011,19
Carlow,County,Jan,2012,7
Cavan,County,Jan,2012,9
Clare,County,Jan,2012,37
Cork,County,Jan,2012,69
Donegal,County,Jan,2012,57
Dun Laoghaire,County,Jan,2012,2
Fingal,County,Jan,2012,22
Galway,County,Jan,2012,41
Kerry,County,Jan,2012,15
Kildare,County,Jan,2012,21
Kilkenny,County,Jan,2012,8
Laois,County,Jan,2012,9
Leitrim,County,Jan,2012,11
Limerick,County,Jan,2012,11
Longford,County,Jan,2012,3
Louth,County,Jan,2012,14
Mayo,County,Jan,2012,15
Meath,County,Jan,2012,22
Monaghan,County,Jan,2012,15
North Tipperary,County,Jan,2012,13
Offaly,County,Jan,2012,11
Roscommon,County,Jan,2012,14
Sligo,County,Jan,2012,28
South Dublin,County,Jan,2012,49
South Tipperary,County,Jan,2012,7
Waterford,County,Jan,2012,10
Westmeath,County,Jan,2012,13
Wexford,County,Jan,2012,17
Wicklow,County,Jan,2012,11
Carlow,County,Feb,2012,12
Cavan,County,Feb,2012,12
Clare,County,Feb,2012,20
Cork,County,Feb,2012,71
Donegal,County,Feb,2012,60
Dun Laoghaire,County,Feb,2012,9
Fingal,County,Feb,2012,23
Galway,County,Feb,2012,32
Kerry,County,Feb,2012,34
Kildare,County,Feb,2012,40
Kilkenny,County,Feb,2012,13
Laois,County,Feb,2012,18
Leitrim,County,Feb,2012,5
Limerick,County,Feb,2012,14
Longford,County,Feb,2012,7
Louth,County,Feb,2012,11
Mayo,County,Feb,2012,18
Meath,County,Feb,2012,26
Monaghan,County,Feb,2012,33
North Tipperary,County,Feb,2012,18
Offaly,County,Feb,2012,11
Roscommon,County,Feb,2012,14
Sligo,County,Feb,2012,34
South Dublin,County,Feb,2012,8
South Tipperary,County,Feb,2012,9
Waterford,County,Feb,2012,14
Westmeath,County,Feb,2012,12
Wexford,County,Feb,2012,17
Wicklow,County,Feb,2012,14
Carlow,County,Mar,2012,8
Cavan,County,Mar,2012,16
Clare,County,Mar,2012,14
Cork,County,Mar,2012,85
Donegal,County,Mar,2012,42
Dun Laoghaire,County,Mar,2012,6
Fingal,County,Mar,2012,35
Galway,County,Mar,2012,40
Kerry,County,Mar,2012,31
Kildare,County,Mar,2012,30
Kilkenny,County,Mar,2012,12
Laois,County,Mar,2012,13
Leitrim,County,Mar,2012,14
Limerick,County,Mar,2012,16
Longford,County,Mar,2012,15
Louth,County,Mar,2012,15
Mayo,County,Mar,2012,25
Meath,County,Mar,2012,21
Monaghan,County,Mar,2012,8
North Tipperary,County,Mar,2012,14
Offaly,County,Mar,2012,6
Roscommon,County,Mar,2012,8
Sligo,County,Mar,2012,33
South Dublin,County,Mar,2012,8
South Tipperary,County,Mar,2012,9
Waterford,County,Mar,2012,10
Westmeath,County,Mar,2012,8
Wexford,County,Mar,2012,40
Wicklow,County,Mar,2012,15
Carlow,County,Apr,2012,9
Cavan,County,Apr,2012,9
Clare,County,Apr,2012,12
Cork,County,Apr,2012,62
Donegal,County,Apr,2012,34
Dun Laoghaire,County,Apr,2012,7
Fingal,County,Apr,2012,17
Galway,County,Apr,2012,51
Kerry,County,Apr,2012,24
Kildare,County,Apr,2012,24
Kilkenny,County,Apr,2012,14
Laois,County,Apr,2012,45
Leitrim,County,Apr,2012,5
Limerick,County,Apr,2012,20
Longford,County,Apr,2012,20
Louth,County,Apr,2012,9
Mayo,County,Apr,2012,23
Meath,County,Apr,2012,24
Monaghan,County,Apr,2012,12
North Tipperary,County,Apr,2012,10
Offaly,County,Apr,2012,9
Roscommon,County,Apr,2012,15
Sligo,County,Apr,2012,18
South Dublin,County,Apr,2012,12
South Tipperary,County,Apr,2012,9
Waterford,County,Apr,2012,14
Westmeath,County,Apr,2012,22
Wexford,County,Apr,2012,27
Wicklow,County,Apr,2012,17
Carlow,County,May,2012,10
Cavan,County,May,2012,15
Clare,County,May,2012,22
Cork,County,May,2012,105
Donegal,County,May,2012,37
Dun Laoghaire,County,May,2012,7
Fingal,County,May,2012,22
Galway,County,May,2012,42
Kerry,County,May,2012,37
Kildare,County,May,2012,23
Kilkenny,County,May,2012,6
Laois,County,May,2012,29
Leitrim,County,May,2012,7
Limerick,County,May,2012,24
Longford,County,May,2012,6
Louth,County,May,2012,17
Mayo,County,May,2012,28
Meath,County,May,2012,32
Monaghan,County,May,2012,9
North Tipperary,County,May,2012,11
Offaly,County,May,2012,17
Roscommon,County,May,2012,11
Sligo,County,May,2012,18
South Dublin,County,May,2012,12
South Tipperary,County,May,2012,6
Waterford,County,May,2012,12
Westmeath,County,May,2012,10
Wexford,County,May,2012,26
Wicklow,County,May,2012,20
Carlow,County,Jun,2012,10
Cavan,County,Jun,2012,19
Clare,County,Jun,2012,21
Cork,County,Jun,2012,63
Donegal,County,Jun,2012,40
Dun Laoghaire,County,Jun,2012,6
Fingal,County,Jun,2012,48
Galway,County,Jun,2012,25
Kerry,County,Jun,2012,23
Kildare,County,Jun,2012,32
Kilkenny,County,Jun,2012,12
Laois,County,Jun,2012,16
Leitrim,County,Jun,2012,8
Limerick,County,Jun,2012,23
Longford,County,Jun,2012,14
Louth,County,Jun,2012,13
Mayo,County,Jun,2012,28
Meath,County,Jun,2012,24
Monaghan,County,Jun,2012,7
North Tipperary,County,Jun,2012,6
Offaly,County,Jun,2012,13
Roscommon,County,Jun,2012,12
Sligo,County,Jun,2012,52
South Dublin,County,Jun,2012,8
South Tipperary,County,Jun,2012,10
Waterford,County,Jun,2012,17
Westmeath,County,Jun,2012,16
Wexford,County,Jun,2012,24
Wicklow,County,Jun,2012,14
Carlow,County,Jul,2012,15
Cavan,County,Jul,2012,16
Clare,County,Jul,2012,14
Cork,County,Jul,2012,79
Donegal,County,Jul,2012,45
Dun Laoghaire,County,Jul,2012,10
Fingal,County,Jul,2012,35
Galway,County,Jul,2012,34
Kerry,County,Jul,2012,25
Kildare,County,Jul,2012,17
Kilkenny,County,Jul,2012,11
Laois,County,Jul,2012,17
Leitrim,County,Jul,2012,1
Limerick,County,Jul,2012,10
Longford,County,Jul,2012,13
Louth,County,Jul,2012,23
Mayo,County,Jul,2012,22
Meath,County,Jul,2012,48
Monaghan,County,Jul,2012,7
North Tipperary,County,Jul,2012,19
Offaly,County,Jul,2012,15
Roscommon,County,Jul,2012,13
Sligo,County,Jul,2012,9
South Dublin,County,Jul,2012,18
South Tipperary,County,Jul,2012,15
Waterford,County,Jul,2012,14
Westmeath,County,Jul,2012,14
Wexford,County,Jul,2012,21
Wicklow,County,Jul,2012,14
Carlow,County,Aug,2012,8
Cavan,County,Aug,2012,18
Clare,County,Aug,2012,27
Cork,County,Aug,2012,87
Donegal,County,Aug,2012,50
Dun Laoghaire,County,Aug,2012,8
Fingal,County,Aug,2012,27
Galway,County,Aug,2012,40
Kerry,County,Aug,2012,22
Kildare,County,Aug,2012,26
Kilkenny,County,Aug,2012,9
Laois,County,Aug,2012,12
Leitrim,County,Aug,2012,10
Limerick,County,Aug,2012,19
Longford,County,Aug,2012,12
Louth,County,Aug,2012,36
Mayo,County,Aug,2012,27
Meath,County,Aug,2012,24
Monaghan,County,Aug,2012,22
North Tipperary,County,Aug,2012,14
Offaly,County,Aug,2012,9
Roscommon,County,Aug,2012,6
Sligo,County,Aug,2012,16
South Dublin,County,Aug,2012,17
South Tipperary,County,Aug,2012,7
Waterford,County,Aug,2012,4
Westmeath,County,Aug,2012,8
Wexford,County,Aug,2012,17
Wicklow,County,Aug,2012,36
Carlow,County,Sept,2012,7
Cavan,County,Sept,2012,15
Clare,County,Sept,2012,21
Cork,County,Sept,2012,84
Donegal,County,Sept,2012,36
Dun Laoghaire,County,Sept,2012,15
Fingal,County,Sept,2012,17
Galway,County,Sept,2012,37
Kerry,County,Sept,2012,20
Kildare,County,Sept,2012,39
Kilkenny,County,Sept,2012,13
Laois,County,Sept,2012,27
Leitrim,County,Sept,2012,9
Limerick,County,Sept,2012,20
Longford,County,Sept,2012,11
Louth,County,Sept,2012,22
Mayo,County,Sept,2012,33
Meath,County,Sept,2012,27
Monaghan,County,Sept,2012,9
North Tipperary,County,Sept,2012,14
Offaly,County,Sept,2012,10
Roscommon,County,Sept,2012,9
Sligo,County,Sept,2012,11
South Dublin,County,Sept,2012,3
South Tipperary,County,Sept,2012,9
Waterford,County,Sept,2012,15
Westmeath,County,Sept,2012,18
Wexford,County,Sept,2012,24
Wicklow,County,Sept,2012,22
Carlow,County,Oct,2012,10
Cavan,County,Oct,2012,22
Clare,County,Oct,2012,23
Cork,County,Oct,2012,74
Donegal,County,Oct,2012,34
Dun Laoghaire,County,Oct,2012,18
Fingal,County,Oct,2012,25
Galway,County,Oct,2012,48
Kerry,County,Oct,2012,62
Kildare,County,Oct,2012,31
Kilkenny,County,Oct,2012,35
Laois,County,Oct,2012,17
Leitrim,County,Oct,2012,10
Limerick,County,Oct,2012,16
Longford,County,Oct,2012,5
Louth,County,Oct,2012,33
Mayo,County,Oct,2012,16
Meath,County,Oct,2012,34
Monaghan,County,Oct,2012,10
North Tipperary,County,Oct,2012,13
Offaly,County,Oct,2012,12
Roscommon,County,Oct,2012,10
Sligo,County,Oct,2012,24
South Dublin,County,Oct,2012,28
South Tipperary,County,Oct,2012,9
Waterford,County,Oct,2012,9
Westmeath,County,Oct,2012,19
Wexford,County,Oct,2012,32
Wicklow,County,Oct,2012,15
Carlow,County,Nov,2012,13
Cavan,County,Nov,2012,24
Clare,County,Nov,2012,24
Cork,County,Nov,2012,98
Donegal,County,Nov,2012,33
Dun Laoghaire,County,Nov,2012,34
Fingal,County,Nov,2012,47
Galway,County,Nov,2012,42
Kerry,County,Nov,2012,33
Kildare,County,Nov,2012,37
Kilkenny,County,Nov,2012,13
Laois,County,Nov,2012,23
Leitrim,County,Nov,2012,3
Limerick,County,Nov,2012,27
Longford,County,Nov,2012,6
Louth,County,Nov,2012,29
Mayo,County,Nov,2012,34
Meath,County,Nov,2012,39
Monaghan,County,Nov,2012,11
North Tipperary,County,Nov,2012,10
Offaly,County,Nov,2012,9
Roscommon,County,Nov,2012,15
Sligo,County,Nov,2012,12
South Dublin,County,Nov,2012,22
South Tipperary,County,Nov,2012,8
Waterford,County,Nov,2012,28
Westmeath,County,Nov,2012,15
Wexford,County,Nov,2012,36
Wicklow,County,Nov,2012,18
Carlow,County,Dec,2012,7
Cavan,County,Dec,2012,18
Clare,County,Dec,2012,21
Cork,County,Dec,2012,88
Donegal,County,Dec,2012,43
Dun Laoghaire,County,Dec,2012,53
Fingal,County,Dec,2012,46
Galway,County,Dec,2012,35
Kerry,County,Dec,2012,22
Kildare,County,Dec,2012,52
Kilkenny,County,Dec,2012,11
Laois,County,Dec,2012,14
Leitrim,County,Dec,2012,3
Limerick,County,Dec,2012,30
Longford,County,Dec,2012,3
Louth,County,Dec,2012,46
Mayo,County,Dec,2012,21
Meath,County,Dec,2012,32
Monaghan,County,Dec,2012,6
North Tipperary,County,Dec,2012,9
Offaly,County,Dec,2012,22
Roscommon,County,Dec,2012,18
Sligo,County,Dec,2012,10
South Dublin,County,Dec,2012,35
South Tipperary,County,Dec,2012,15
Waterford,County,Dec,2012,15
Westmeath,County,Dec,2012,15
Wexford,County,Dec,2012,24
Wicklow,County,Dec,2012,21
Carlow,County,Jan,2013,6
Cavan,County,Jan,2013,11
Clare,County,Jan,2013,12
Cork,County,Jan,2013,51
Donegal,County,Jan,2013,17
Dun Laoghaire,County,Jan,2013,6
Fingal,County,Jan,2013,17
Galway,County,Jan,2013,24
Kerry,County,Jan,2013,20
Kildare,County,Jan,2013,24
Kilkenny,County,Jan,2013,10
Laois,County,Jan,2013,8
Leitrim,County,Jan,2013,17
Limerick,County,Jan,2013,14
Longford,County,Jan,2013,4
Louth,County,Jan,2013,25
Mayo,County,Jan,2013,16
Meath,County,Jan,2013,16
Monaghan,County,Jan,2013,11
North Tipperary,County,Jan,2013,7
Offaly,County,Jan,2013,7
Roscommon,County,Jan,2013,17
Sligo,County,Jan,2013,31
South Dublin,County,Jan,2013,13
South Tipperary,County,Jan,2013,10
Waterford,County,Jan,2013,8
Westmeath,County,Jan,2013,12
Wexford,County,Jan,2013,16
Wicklow,County,Jan,2013,25
Carlow,County,Feb,2013,10
Cavan,County,Feb,2013,19
Clare,County,Feb,2013,12
Cork,County,Feb,2013,56
Donegal,County,Feb,2013,41
Dun Laoghaire,County,Feb,2013,18
Fingal,County,Feb,2013,30
Galway,County,Feb,2013,42
Kerry,County,Feb,2013,26
Kildare,County,Feb,2013,40
Kilkenny,County,Feb,2013,4
Laois,County,Feb,2013,11
Leitrim,County,Feb,2013,7
Limerick,County,Feb,2013,16
Longford,County,Feb,2013,9
Louth,County,Feb,2013,10
Mayo,County,Feb,2013,22
Meath,County,Feb,2013,24
Monaghan,County,Feb,2013,9
North Tipperary,County,Feb,2013,7
Offaly,County,Feb,2013,6
Roscommon,County,Feb,2013,18
Sligo,County,Feb,2013,8
South Dublin,County,Feb,2013,7
South Tipperary,County,Feb,2013,7
Waterford,County,Feb,2013,12
Westmeath,County,Feb,2013,11
Wexford,County,Feb,2013,16
Wicklow,County,Feb,2013,33
Carlow,County,Mar,2013,11
Cavan,County,Mar,2013,15
Clare,County,Mar,2013,22
Cork,County,Mar,2013,54
Donegal,County,Mar,2013,34
Dun Laoghaire,County,Mar,2013,9
Fingal,County,Mar,2013,32
Galway,County,Mar,2013,38
Kerry,County,Mar,2013,15
Kildare,County,Mar,2013,26
Kilkenny,County,Mar,2013,13
Laois,County,Mar,2013,11
Leitrim,County,Mar,2013,3
Limerick,County,Mar,2013,20
Longford,County,Mar,2013,8
Louth,County,Mar,2013,22
Mayo,County,Mar,2013,16
Meath,County,Mar,2013,36
Monaghan,County,Mar,2013,5
North Tipperary,County,Mar,2013,8
Offaly,County,Mar,2013,12
Roscommon,County,Mar,2013,12
Sligo,County,Mar,2013,11
South Dublin,County,Mar,2013,6
South Tipperary,County,Mar,2013,19
Waterford,County,Mar,2013,12
Westmeath,County,Mar,2013,13
Wexford,County,Mar,2013,20
Wicklow,County,Mar,2013,19
Carlow,County,Apr,2013,10
Cavan,County,Apr,2013,17
Clare,County,Apr,2013,21
Cork,County,Apr,2013,69
Donegal,County,Apr,2013,29
Dun Laoghaire,County,Apr,2013,9
Fingal,County,Apr,2013,21
Galway,County,Apr,2013,38
Kerry,County,Apr,2013,17
Kildare,County,Apr,2013,60
Kilkenny,County,Apr,2013,18
Laois,County,Apr,2013,24
Leitrim,County,Apr,2013,13
Limerick,County,Apr,2013,27
Longford,County,Apr,2013,7
Louth,County,Apr,2013,23
Mayo,County,Apr,2013,21
Meath,County,Apr,2013,27
Monaghan,County,Apr,2013,10
North Tipperary,County,Apr,2013,15
Offaly,County,Apr,2013,11
Roscommon,County,Apr,2013,15
Sligo,County,Apr,2013,8
South Dublin,County,Apr,2013,4
South Tipperary,County,Apr,2013,16
Waterford,County,Apr,2013,7
Westmeath,County,Apr,2013,19
Wexford,County,Apr,2013,30
Wicklow,County,Apr,2013,23
Carlow,County,May,2013,8
Cavan,County,May,2013,13
Clare,County,May,2013,22
Cork,County,May,2013,83
Donegal,County,May,2013,40
Dun Laoghaire,County,May,2013,6
Fingal,County,May,2013,44
Galway,County,May,2013,28
Kerry,County,May,2013,31
Kildare,County,May,2013,26
Kilkenny,County,May,2013,15
Laois,County,May,2013,14
Leitrim,County,May,2013,4
Limerick,County,May,2013,20
Longford,County,May,2013,7
Louth,County,May,2013,19
Mayo,County,May,2013,25
Meath,County,May,2013,26
Monaghan,County,May,2013,8
North Tipperary,County,May,2013,13
Offaly,County,May,2013,10
Roscommon,County,May,2013,10
Sligo,County,May,2013,8
South Dublin,County,May,2013,9
South Tipperary,County,May,2013,9
Waterford,County,May,2013,8
Westmeath,County,May,2013,9
Wexford,County,May,2013,11
Wicklow,County,May,2013,17
Carlow,County,Jun,2013,26
Cavan,County,Jun,2013,10
Clare,County,Jun,2013,15
Cork,County,Jun,2013,67
Donegal,County,Jun,2013,31
Dun Laoghaire,County,Jun,2013,13
Fingal,County,Jun,2013,22
Galway,County,Jun,2013,21
Kerry,County,Jun,2013,25
Kildare,County,Jun,2013,33
Kilkenny,County,Jun,2013,21
Laois,County,Jun,2013,8
Leitrim,County,Jun,2013,3
Limerick,County,Jun,2013,14
Longford,County,Jun,2013,2
Louth,County,Jun,2013,52
Mayo,County,Jun,2013,23
Meath,County,Jun,2013,18
Monaghan,County,Jun,2013,9
North Tipperary,County,Jun,2013,4
Offaly,County,Jun,2013,13
Roscommon,County,Jun,2013,10
Sligo,County,Jun,2013,10
South Dublin,County,Jun,2013,14
South Tipperary,County,Jun,2013,4
Waterford,County,Jun,2013,12
Westmeath,County,Jun,2013,10
Wexford,County,Jun,2013,25
Wicklow,County,Jun,2013,24
Carlow,County,Jul,2013,21
Cavan,County,Jul,2013,15
Clare,County,Jul,2013,19
Cork,County,Jul,2013,86
Donegal,County,Jul,2013,29
Dun Laoghaire,County,Jul,2013,10
Fingal,County,Jul,2013,55
Galway,County,Jul,2013,37
Kerry,County,Jul,2013,38
Kildare,County,Jul,2013,37
Kilkenny,County,Jul,2013,21
Laois,County,Jul,2013,19
Leitrim,County,Jul,2013,6
Limerick,County,Jul,2013,15
Longford,County,Jul,2013,15
Louth,County,Jul,2013,40
Mayo,County,Jul,2013,23
Meath,County,Jul,2013,21
Monaghan,County,Jul,2013,6
North Tipperary,County,Jul,2013,9
Offaly,County,Jul,2013,5
Roscommon,County,Jul,2013,9
Sligo,County,Jul,2013,7
South Dublin,County,Jul,2013,11
South Tipperary,County,Jul,2013,5
Waterford,County,Jul,2013,7
Westmeath,County,Jul,2013,14
Wexford,County,Jul,2013,26
Wicklow,County,Jul,2013,26
Carlow,County,Aug,2013,5
Cavan,County,Aug,2013,16
Clare,County,Aug,2013,14
Cork,County,Aug,2013,77
Donegal,County,Aug,2013,33
Dun Laoghaire,County,Aug,2013,17
Fingal,County,Aug,2013,14
Galway,County,Aug,2013,23
Kerry,County,Aug,2013,22
Kildare,County,Aug,2013,53
Kilkenny,County,Aug,2013,14
Laois,County,Aug,2013,15
Leitrim,County,Aug,2013,8
Limerick,County,Aug,2013,13
Longford,County,Aug,2013,10
Louth,County,Aug,2013,14
Mayo,County,Aug,2013,24
Meath,County,Aug,2013,21
Monaghan,County,Aug,2013,15
North Tipperary,County,Aug,2013,15
Offaly,County,Aug,2013,10
Roscommon,County,Aug,2013,6
Sligo,County,Aug,2013,15
South Dublin,County,Aug,2013,18
South Tipperary,County,Aug,2013,12
Waterford,County,Aug,2013,14
Westmeath,County,Aug,2013,13
Wexford,County,Aug,2013,20
Wicklow,County,Aug,2013,17
Carlow,County,Sept,2013,28
Cavan,County,Sept,2013,11
Clare,County,Sept,2013,13
Cork,County,Sept,2013,82
Donegal,County,Sept,2013,35
Dun Laoghaire,County,Sept,2013,13
Fingal,County,Sept,2013,30
Galway,County,Sept,2013,49
Kerry,County,Sept,2013,31
Kildare,County,Sept,2013,33
Kilkenny,County,Sept,2013,13
Laois,County,Sept,2013,6
Leitrim,County,Sept,2013,9
Limerick,County,Sept,2013,16
Longford,County,Sept,2013,6
Louth,County,Sept,2013,30
Mayo,County,Sept,2013,20
Meath,County,Sept,2013,15
Monaghan,County,Sept,2013,20
North Tipperary,County,Sept,2013,14
Offaly,County,Sept,2013,7
Roscommon,County,Sept,2013,25
Sligo,County,Sept,2013,13
South Dublin,County,Sept,2013,13
South Tipperary,County,Sept,2013,10
Waterford,County,Sept,2013,13
Westmeath,County,Sept,2013,17
Wexford,County,Sept,2013,38
Wicklow,County,Sept,2013,20
Carlow,County,Oct,2013,14
Cavan,County,Oct,2013,11
Clare,County,Oct,2013,19
Cork,County,Oct,2013,81
Donegal,County,Oct,2013,42
Dun Laoghaire,County,Oct,2013,49
Fingal,County,Oct,2013,33
Galway,County,Oct,2013,56
Kerry,County,Oct,2013,44
Kildare,County,Oct,2013,47
Kilkenny,County,Oct,2013,16
Laois,County,Oct,2013,19
Leitrim,County,Oct,2013,2
Limerick,County,Oct,2013,35
Longford,County,Oct,2013,8
Louth,County,Oct,2013,20
Mayo,County,Oct,2013,33
Meath,County,Oct,2013,23
Monaghan,County,Oct,2013,15
North Tipperary,County,Oct,2013,11
Offaly,County,Oct,2013,15
Roscommon,County,Oct,2013,13
Sligo,County,Oct,2013,13
South Dublin,County,Oct,2013,32
South Tipperary,County,Oct,2013,11
Waterford,County,Oct,2013,9
Westmeath,County,Oct,2013,13
Wexford,County,Oct,2013,25
Wicklow,County,Oct,2013,15
Carlow,County,Nov,2013,14
Cavan,County,Nov,2013,14
Clare,County,Nov,2013,26
Cork,County,Nov,2013,90
Donegal,County,Nov,2013,41
Dun Laoghaire,County,Nov,2013,56
Fingal,County,Nov,2013,54
Galway,County,Nov,2013,42
Kerry,County,Nov,2013,29
Kildare,County,Nov,2013,34
Kilkenny,County,Nov,2013,21
Laois,County,Nov,2013,27
Leitrim,County,Nov,2013,10
Limerick,County,Nov,2013,24
Longford,County,Nov,2013,9
Louth,County,Nov,2013,23
Mayo,County,Nov,2013,39
Meath,County,Nov,2013,27
Monaghan,County,Nov,2013,22
North Tipperary,County,Nov,2013,13
Offaly,County,Nov,2013,15
Roscommon,County,Nov,2013,22
Sligo,County,Nov,2013,14
South Dublin,County,Nov,2013,38
South Tipperary,County,Nov,2013,17
Waterford,County,Nov,2013,10
Westmeath,County,Nov,2013,16
Wexford,County,Nov,2013,47
Wicklow,County,Nov,2013,23
Carlow,County,Dec,2013,16
Cavan,County,Dec,2013,21
Clare,County,Dec,2013,20
Cork,County,Dec,2013,67
Donegal,County,Dec,2013,28
Dun Laoghaire,County,Dec,2013,54
Fingal,County,Dec,2013,43
Galway,County,Dec,2013,28
Kerry,County,Dec,2013,33
Kildare,County,Dec,2013,34
Kilkenny,County,Dec,2013,13
Laois,County,Dec,2013,26
Leitrim,County,Dec,2013,8
Limerick,County,Dec,2013,21
Longford,County,Dec,2013,5
Louth,County,Dec,2013,32
Mayo,County,Dec,2013,50
Meath,County,Dec,2013,32
Monaghan,County,Dec,2013,20
North Tipperary,County,Dec,2013,16
Offaly,County,Dec,2013,6
Roscommon,County,Dec,2013,17
Sligo,County,Dec,2013,23
South Dublin,County,Dec,2013,38
South Tipperary,County,Dec,2013,14
Waterford,County,Dec,2013,11
Westmeath,County,Dec,2013,11
Wexford,County,Dec,2013,32
Wicklow,County,Dec,2013,15
Cork,City,Jan,2006,39
Dublin,City,Jan,2006,757
Galway,City,Jan,2006,68
Limerick,City,Jan,2006,19
Waterford,City,Jan,2006,69
Cork,City,Feb,2006,22
Dublin,City,Feb,2006,618
Galway,City,Feb,2006,107
Limerick,City,Feb,2006,10
Waterford,City,Feb,2006,33
Cork,City,Mar,2006,93
Dublin,City,Mar,2006,560
Galway,City,Mar,2006,57
Limerick,City,Mar,2006,80
Waterford,City,Mar,2006,91
Cork,City,Apr,2006,31
Dublin,City,Apr,2006,225
Galway,City,Apr,2006,72
Limerick,City,Apr,2006,32
Waterford,City,Apr,2006,34
Cork,City,May,2006,162
Dublin,City,May,2006,496
Galway,City,May,2006,199
Limerick,City,May,2006,17
Waterford,City,May,2006,63
Cork,City,Jun,2006,110
Dublin,City,Jun,2006,717
Galway,City,Jun,2006,75
Limerick,City,Jun,2006,22
Waterford,City,Jun,2006,68
Cork,City,Jul,2006,57
Dublin,City,Jul,2006,685
Galway,City,Jul,2006,48
Limerick,City,Jul,2006,17
Waterford,City,Jul,2006,116
Cork,City,Aug,2006,141
Dublin,City,Aug,2006,783
Galway,City,Aug,2006,55
Limerick,City,Aug,2006,11
Waterford,City,Aug,2006,82
Cork,City,Sept,2006,96
Dublin,City,Sept,2006,847
Galway,City,Sept,2006,229
Limerick,City,Sept,2006,40
Waterford,City,Sept,2006,42
Cork,City,Oct,2006,103
Dublin,City,Oct,2006,690
Galway,City,Oct,2006,137
Limerick,City,Oct,2006,12
Waterford,City,Oct,2006,82
Cork,City,Nov,2006,108
Dublin,City,Nov,2006,755
Galway,City,Nov,2006,142
Limerick,City,Nov,2006,50
Waterford,City,Nov,2006,85
Cork,City,Dec,2006,103
Dublin,City,Dec,2006,613
Galway,City,Dec,2006,86
Limerick,City,Dec,2006,79
Waterford,City,Dec,2006,63
Cork,City,Jan,2007,83
Dublin,City,Jan,2007,446
Galway,City,Jan,2007,23
Limerick,City,Jan,2007,43
Waterford,City,Jan,2007,17
Cork,City,Feb,2007,123
Dublin,City,Feb,2007,562
Galway,City,Feb,2007,142
Limerick,City,Feb,2007,52
Waterford,City,Feb,2007,79
Cork,City,Mar,2007,168
Dublin,City,Mar,2007,677
Galway,City,Mar,2007,73
Limerick,City,Mar,2007,59
Waterford,City,Mar,2007,13
Cork,City,Apr,2007,99
Dublin,City,Apr,2007,273
Galway,City,Apr,2007,24
Limerick,City,Apr,2007,3
Waterford,City,Apr,2007,18
Cork,City,May,2007,87
Dublin,City,May,2007,674
Galway,City,May,2007,39
Limerick,City,May,2007,23
Waterford,City,May,2007,12
Cork,City,Jun,2007,158
Dublin,City,Jun,2007,418
Galway,City,Jun,2007,73
Limerick,City,Jun,2007,6
Waterford,City,Jun,2007,59
Cork,City,Jul,2007,85
Dublin,City,Jul,2007,454
Galway,City,Jul,2007,91
Limerick,City,Jul,2007,37
Waterford,City,Jul,2007,55
Cork,City,Aug,2007,58
Dublin,City,Aug,2007,606
Galway,City,Aug,2007,47
Limerick,City,Aug,2007,11
Waterford,City,Aug,2007,50
Cork,City,Sept,2007,76
Dublin,City,Sept,2007,491
Galway,City,Sept,2007,31
Limerick,City,Sept,2007,5
Waterford,City,Sept,2007,15
Cork,City,Oct,2007,52
Dublin,City,Oct,2007,832
Galway,City,Oct,2007,54
Limerick,City,Oct,2007,44
Waterford,City,Oct,2007,16
Cork,City,Nov,2007,62
Dublin,City,Nov,2007,849
Galway,City,Nov,2007,54
Limerick,City,Nov,2007,46
Waterford,City,Nov,2007,17
Cork,City,Dec,2007,158
Dublin,City,Dec,2007,396
Galway,City,Dec,2007,81
Limerick,City,Dec,2007,5
Waterford,City,Dec,2007,89
Cork,City,Jan,2008,44
Dublin,City,Jan,2008,402
Galway,City,Jan,2008,13
Limerick,City,Jan,2008,59
Waterford,City,Jan,2008,90
Cork,City,Feb,2008,29
Dublin,City,Feb,2008,451
Galway,City,Feb,2008,25
Limerick,City,Feb,2008,31
Waterford,City,Feb,2008,26
Cork,City,Mar,2008,150
Dublin,City,Mar,2008,520
Galway,City,Mar,2008,27
Limerick,City,Mar,2008,70
Waterford,City,Mar,2008,32
Cork,City,Apr,2008,31
Dublin,City,Apr,2008,402
Galway,City,Apr,2008,64
Limerick,City,Apr,2008,96
Waterford,City,Apr,2008,10
Cork,City,May,2008,93
Dublin,City,May,2008,554
Galway,City,May,2008,32
Limerick,City,May,2008,29
Waterford,City,May,2008,7
Cork,City,Jun,2008,188
Dublin,City,Jun,2008,489
Galway,City,Jun,2008,74
Limerick,City,Jun,2008,21
Waterford,City,Jun,2008,21
Cork,City,Jul,2008,94
Dublin,City,Jul,2008,470
Galway,City,Jul,2008,70
Limerick,City,Jul,2008,7
Waterford,City,Jul,2008,47
Cork,City,Aug,2008,131
Dublin,City,Aug,2008,387
Galway,City,Aug,2008,20
Limerick,City,Aug,2008,0
Waterford,City,Aug,2008,6
Cork,City,Sept,2008,52
Dublin,City,Sept,2008,533
Galway,City,Sept,2008,77
Limerick,City,Sept,2008,8
Waterford,City,Sept,2008,28
Cork,City,Oct,2008,45
Dublin,City,Oct,2008,350
Galway,City,Oct,2008,52
Limerick,City,Oct,2008,19
Waterford,City,Oct,2008,11
Cork,City,Nov,2008,42
Dublin,City,Nov,2008,614
Galway,City,Nov,2008,46
Limerick,City,Nov,2008,14
Waterford,City,Nov,2008,4
Cork,City,Dec,2008,102
Dublin,City,Dec,2008,176
Galway,City,Dec,2008,45
Limerick,City,Dec,2008,11
Waterford,City,Dec,2008,15
Cork,City,Jan,2009,104
Dublin,City,Jan,2009,150
Galway,City,Jan,2009,37
Limerick,City,Jan,2009,13
Waterford,City,Jan,2009,24
Cork,City,Feb,2009,64
Dublin,City,Feb,2009,370
Galway,City,Feb,2009,8
Limerick,City,Feb,2009,10
Waterford,City,Feb,2009,15
Cork,City,Mar,2009,50
Dublin,City,Mar,2009,136
Galway,City,Mar,2009,7
Limerick,City,Mar,2009,15
Waterford,City,Mar,2009,21
Cork,City,Apr,2009,77
Dublin,City,Apr,2009,299
Galway,City,Apr,2009,13
Limerick,City,Apr,2009,15
Waterford,City,Apr,2009,11
Cork,City,May,2009,72
Dublin,City,May,2009,118
Galway,City,May,2009,29
Limerick,City,May,2009,3
Waterford,City,May,2009,20
Cork,City,Jun,2009,31
Dublin,City,Jun,2009,168
Galway,City,Jun,2009,27
Limerick,City,Jun,2009,4
Waterford,City,Jun,2009,12
Cork,City,Jul,2009,75
Dublin,City,Jul,2009,220
Galway,City,Jul,2009,19
Limerick,City,Jul,2009,3
Waterford,City,Jul,2009,12
Cork,City,Aug,2009,11
Dublin,City,Aug,2009,296
Galway,City,Aug,2009,2
Limerick,City,Aug,2009,0
Waterford,City,Aug,2009,4
Cork,City,Sept,2009,95
Dublin,City,Sept,2009,113
Galway,City,Sept,2009,27
Limerick,City,Sept,2009,11
Waterford,City,Sept,2009,18
Cork,City,Oct,2009,30
Dublin,City,Oct,2009,260
Galway,City,Oct,2009,5
Limerick,City,Oct,2009,1
Waterford,City,Oct,2009,2
Cork,City,Nov,2009,21
Dublin,City,Nov,2009,136
Galway,City,Nov,2009,19
Limerick,City,Nov,2009,6
Waterford,City,Nov,2009,7
Cork,City,Dec,2009,36
Dublin,City,Dec,2009,129
Galway,City,Dec,2009,6
Limerick,City,Dec,2009,12
Waterford,City,Dec,2009,0
Cork,City,Jan,2010,19
Dublin,City,Jan,2010,119
Galway,City,Jan,2010,5
Limerick,City,Jan,2010,2
Waterford,City,Jan,2010,3
Cork,City,Feb,2010,8
Dublin,City,Feb,2010,113
Galway,City,Feb,2010,5
Limerick,City,Feb,2010,3
Waterford,City,Feb,2010,4
Cork,City,Mar,2010,4
Dublin,City,Mar,2010,80
Galway,City,Mar,2010,4
Limerick,City,Mar,2010,2
Waterford,City,Mar,2010,2
Cork,City,Apr,2010,15
Dublin,City,Apr,2010,56
Galway,City,Apr,2010,2
Limerick,City,Apr,2010,2
Waterford,City,Apr,2010,1
Cork,City,May,2010,21
Dublin,City,May,2010,74
Galway,City,May,2010,7
Limerick,City,May,2010,2
Waterford,City,May,2010,3
Cork,City,Jun,2010,32
Dublin,City,Jun,2010,56
Galway,City,Jun,2010,10
Limerick,City,Jun,2010,7
Waterford,City,Jun,2010,4
Cork,City,Jul,2010,15
Dublin,City,Jul,2010,55
Galway,City,Jul,2010,6
Limerick,City,Jul,2010,10
Waterford,City,Jul,2010,1
Cork,City,Aug,2010,26
Dublin,City,Aug,2010,25
Galway,City,Aug,2010,4
Limerick,City,Aug,2010,1
Waterford,City,Aug,2010,11
Cork,City,Sept,2010,14
Dublin,City,Sept,2010,59
Galway,City,Sept,2010,10
Limerick,City,Sept,2010,9
Waterford,City,Sept,2010,2
Cork,City,Oct,2010,24
Dublin,City,Oct,2010,68
Galway,City,Oct,2010,2
Limerick,City,Oct,2010,2
Waterford,City,Oct,2010,40
Cork,City,Nov,2010,25
Dublin,City,Nov,2010,151
Galway,City,Nov,2010,11
Limerick,City,Nov,2010,2
Waterford,City,Nov,2010,33
Cork,City,Dec,2010,39
Dublin,City,Dec,2010,55
Galway,City,Dec,2010,11
Limerick,City,Dec,2010,2
Waterford,City,Dec,2010,6
Cork,City,Jan,2011,2
Dublin,City,Jan,2011,82
Galway,City,Jan,2011,11
Limerick,City,Jan,2011,0
Waterford,City,Jan,2011,41
Cork,City,Feb,2011,15
Dublin,City,Feb,2011,32
Galway,City,Feb,2011,12
Limerick,City,Feb,2011,2
Waterford,City,Feb,2011,5
Cork,City,Mar,2011,12
Dublin,City,Mar,2011,60
Galway,City,Mar,2011,6
Limerick,City,Mar,2011,4
Waterford,City,Mar,2011,10
Cork,City,Apr,2011,14
Dublin,City,Apr,2011,47
Galway,City,Apr,2011,10
Limerick,City,Apr,2011,3
Waterford,City,Apr,2011,2
Cork,City,May,2011,10
Dublin,City,May,2011,75
Galway,City,May,2011,5
Limerick,City,May,2011,1
Waterford,City,May,2011,6
Cork,City,Jun,2011,5
Dublin,City,Jun,2011,46
Galway,City,Jun,2011,6
Limerick,City,Jun,2011,0
Waterford,City,Jun,2011,2
Cork,City,Jul,2011,24
Dublin,City,Jul,2011,25
Galway,City,Jul,2011,1
Limerick,City,Jul,2011,11
Waterford,City,Jul,2011,3
Cork,City,Aug,2011,12
Dublin,City,Aug,2011,21
Galway,City,Aug,2011,0
Limerick,City,Aug,2011,10
Waterford,City,Aug,2011,3
Cork,City,Sept,2011,5
Dublin,City,Sept,2011,23
Galway,City,Sept,2011,8
Limerick,City,Sept,2011,5
Waterford,City,Sept,2011,5
Cork,City,Oct,2011,14
Dublin,City,Oct,2011,46
Galway,City,Oct,2011,1
Limerick,City,Oct,2011,1
Waterford,City,Oct,2011,4
Cork,City,Nov,2011,9
Dublin,City,Nov,2011,48
Galway,City,Nov,2011,6
Limerick,City,Nov,2011,3
Waterford,City,Nov,2011,1
Cork,City,Dec,2011,5
Dublin,City,Dec,2011,52
Galway,City,Dec,2011,6
Limerick,City,Dec,2011,3
Waterford,City,Dec,2011,2
Cork,City,Jan,2012,5
Dublin,City,Jan,2012,53
Galway,City,Jan,2012,1
Limerick,City,Jan,2012,1
Waterford,City,Jan,2012,6
Cork,City,Feb,2012,13
Dublin,City,Feb,2012,15
Galway,City,Feb,2012,0
Limerick,City,Feb,2012,0
Waterford,City,Feb,2012,2
Cork,City,Mar,2012,11
Dublin,City,Mar,2012,47
Galway,City,Mar,2012,2
Limerick,City,Mar,2012,1
Waterford,City,Mar,2012,7
Cork,City,Apr,2012,14
Dublin,City,Apr,2012,24
Galway,City,Apr,2012,3
Limerick,City,Apr,2012,3
Waterford,City,Apr,2012,4
Cork,City,May,2012,43
Dublin,City,May,2012,48
Galway,City,May,2012,2
Limerick,City,May,2012,13
Waterford,City,May,2012,3
Cork,City,Jun,2012,19
Dublin,City,Jun,2012,16
Galway,City,Jun,2012,3
Limerick,City,Jun,2012,1
Waterford,City,Jun,2012,3
Cork,City,Jul,2012,31
Dublin,City,Jul,2012,31
Galway,City,Jul,2012,7
Limerick,City,Jul,2012,2
Waterford,City,Jul,2012,1
Cork,City,Aug,2012,49
Dublin,City,Aug,2012,80
Galway,City,Aug,2012,4
Limerick,City,Aug,2012,13
Waterford,City,Aug,2012,8
Cork,City,Sept,2012,24
Dublin,City,Sept,2012,38
Galway,City,Sept,2012,1
Limerick,City,Sept,2012,6
Waterford,City,Sept,2012,3
Cork,City,Oct,2012,11
Dublin,City,Oct,2012,31
Galway,City,Oct,2012,3
Limerick,City,Oct,2012,34
Waterford,City,Oct,2012,6
Cork,City,Nov,2012,18
Dublin,City,Nov,2012,71
Galway,City,Nov,2012,2
Limerick,City,Nov,2012,9
Waterford,City,Nov,2012,4
Cork,City,Dec,2012,10
Dublin,City,Dec,2012,53
Galway,City,Dec,2012,4
Limerick,City,Dec,2012,16
Waterford,City,Dec,2012,8
Cork,City,Jan,2013,3
Dublin,City,Jan,2013,34
Galway,City,Jan,2013,6
Limerick,City,Jan,2013,10
Waterford,City,Jan,2013,3
Cork,City,Feb,2013,19
Dublin,City,Feb,2013,47
Galway,City,Feb,2013,3
Limerick,City,Feb,2013,3
Waterford,City,Feb,2013,1
Cork,City,Mar,2013,15
Dublin,City,Mar,2013,26
Galway,City,Mar,2013,3
Limerick,City,Mar,2013,5
Waterford,City,Mar,2013,5
Cork,City,Apr,2013,36
Dublin,City,Apr,2013,40
Galway,City,Apr,2013,5
Limerick,City,Apr,2013,2
Waterford,City,Apr,2013,7
Cork,City,May,2013,10
Dublin,City,May,2013,19
Galway,City,May,2013,27
Limerick,City,May,2013,5
Waterford,City,May,2013,3
Cork,City,Jun,2013,49
Dublin,City,Jun,2013,106
Galway,City,Jun,2013,3
Limerick,City,Jun,2013,2
Waterford,City,Jun,2013,4
Cork,City,Jul,2013,14
Dublin,City,Jul,2013,50
Galway,City,Jul,2013,7
Limerick,City,Jul,2013,0
Waterford,City,Jul,2013,2
Cork,City,Aug,2013,7
Dublin,City,Aug,2013,34
Galway,City,Aug,2013,3
Limerick,City,Aug,2013,3
Waterford,City,Aug,2013,9
Cork,City,Sept,2013,4
Dublin,City,Sept,2013,28
Galway,City,Sept,2013,2
Limerick,City,Sept,2013,2
Waterford,City,Sept,2013,7
Cork,City,Oct,2013,43
Dublin,City,Oct,2013,38
Galway,City,Oct,2013,1
Limerick,City,Oct,2013,3
Waterford,City,Oct,2013,16
Cork,City,Nov,2013,22
Dublin,City,Nov,2013,34
Galway,City,Nov,2013,8
Limerick,City,Nov,2013,32
Waterford,City,Nov,2013,5
Cork,City,Dec,2013,16
Dublin,City,Dec,2013,46
Galway,City,Dec,2013,15
Limerick,City,Dec,2013,39
Waterford,City,Dec,2013,26
